data_date,ticker,name,regime,signal,conviction,p_sideways,p_bull,p_bear,cur_ret_pct,bars_in_regime,n,signal25,n25,close,sma50,sma200,sma_spread_pct,close_vs_sma50_pct,close_vs_sma200_pct,atr14,reference_stop,reference_target,reward_risk,pass_count,pass_all,pass_1_bull,pass_2_return,pass_3_hold,pass_4_conviction,pass_5_positive,pass_6_sample,pass_7_crosscheck,pass_8_sma,failed_rules
2026-09-29,DELL,Dell Technologies,Bull,0.2281,0.2281,0.3158,0.4561,0.2281,16.83,13,126,0.1702,100,539.59,481.82,286.93,67.92,11.99,88.06,30.11,479.36,650.54,1.84,8,True,True,True,True,True,True,True,True,True,
2026-09-29,CRWD,CrowdStrike,Bull,0.2093,0.2093,0.2326,0.4884,0.2791,12.87,12,90,0.2368,72,262.74,215.04,151.42,42.01,22.18,73.51,12.23,238.27,307.12,1.81,8,True,True,True,True,True,True,True,True,True,
2026-09-29,STX,Seagate Technology,Bull,0.1964,0.1964,0.375,0.4107,0.2143,9.78,6,298,0.086,238,913.45,854.64,641.53,33.22,6.88,42.39,49.9,813.64,1092.56,1.79,8,True,True,True,True,True,True,True,True,True,
2026-09-29,PWR,Quanta Services,Bull,0.1938,0.1938,0.4186,0.3876,0.1938,7.1,2,359,0.1624,287,651.79,642.13,602.45,6.59,1.5,8.19,21.55,608.68,728.98,1.79,8,True,True,True,True,True,True,True,True,True,
2026-09-29,MU,Micron Technology,Bull,0.1773,0.1773,0.2409,0.4682,0.2909,10.52,7,532,0.1341,425,1065.08,949.71,669.11,41.94,12.15,59.18,46.93,971.23,1230.81,1.77,8,True,True,True,True,True,True,True,True,True,
2026-09-29,AMAT,Applied Materials,Bull,0.1659,0.1659,0.3229,0.4215,0.2556,11.06,2,585,0.1094,468,512.01,489.11,423.7,15.44,4.68,20.84,20.26,471.48,582.88,1.75,8,True,True,True,True,True,True,True,True,True,
2026-09-29,AMD,Advanced Micro Devices,Bull,0.1644,0.1644,0.2877,0.4384,0.274,25.52,10,585,0.0802,468,607.57,509.04,368.62,38.09,19.36,64.82,24.95,557.67,694.72,1.75,8,True,True,True,True,True,True,True,True,True,
2026-09-29,MRVL,Marvell Technology,Bull,0.16,0.16,0.36,0.4,0.24,21.82,7,328,0.0291,262,263.27,223.2,164.18,35.95,17.95,60.35,13.45,236.36,310.09,1.74,8,True,True,True,True,True,True,True,True,True,
2026-09-29,FFIV,"F5, Inc.",Bull,0.1533,0.1533,0.365,0.3942,0.2409,7.32,11,342,0.2136,273,438.07,408.5,342.31,19.34,7.24,27.97,13.89,410.3,486.11,1.73,8,True,True,True,True,True,True,True,True,True,
2026-09-29,SNDK,Sandisk,Bull,0.3846,0.3846,0.1538,0.6154,0.2308,9.9,8,19,0.5833,15,1729.76,1530.7,1122.86,36.32,13.0,54.05,108.17,1513.43,2179.07,2.08,7,False,True,True,True,True,True,False,True,True,At least 90 transitions
2026-09-29,BBY,Best Buy,Bull,0.2435,0.2435,0.3523,0.4456,0.2021,10.19,3,521,-0.0328,416,88.75,87.47,72.74,20.25,1.46,22.01,3.08,82.59,100.24,1.87,7,False,True,True,True,True,True,True,False,True,Positive 25-day signal
2026-09-29,LITE,Lumentum,Bull,0.2295,0.2295,0.2131,0.5082,0.2787,6.22,1,139,0.1132,111,973.49,866.99,735.07,17.95,12.28,32.43,63.27,846.95,1206.87,1.84,7,False,True,True,False,True,True,True,True,True,Regime held ≥ 2 bars
2026-09-29,WST,West Pharmaceutical Services,Bull,0.1429,0.1429,0.559,0.2919,0.1491,9.91,5,585,0.1688,468,376.63,351.28,300.88,16.75,7.22,25.18,8.55,359.53,405.95,1.71,7,False,True,True,True,False,True,True,True,True,Conviction ≥ 0.15
2026-09-29,ILMN,"Illumina, Inc.",Bull,0.1339,0.1339,0.3622,0.3858,0.252,24.16,13,328,0.1478,262,272.0,214.25,160.67,33.34,26.96,69.29,11.6,248.79,311.47,1.7,7,False,True,True,True,False,True,True,True,True,Conviction ≥ 0.15
2026-09-29,MPWR,Monolithic Power Systems,Bull,0.1204,0.1204,0.3426,0.3889,0.2685,6.73,2,273,0.044,218,1355.99,1305.15,1276.96,2.21,3.9,6.19,53.93,1248.13,1537.25,1.68,7,False,True,True,True,False,True,True,True,True,Conviction ≥ 0.15
2026-09-29,TMO,Thermo Fisher Scientific,Bull,0.1148,0.1148,0.5246,0.2951,0.1803,9.65,5,585,0.08,468,679.61,610.25,541.33,12.73,11.37,25.54,15.59,648.44,731.74,1.67,7,False,True,True,True,False,True,True,True,True,Conviction ≥ 0.15
2026-09-29,JCI,Johnson Controls,Bull,0.1141,0.1141,0.5369,0.2886,0.1745,7.78,3,490,0.0989,391,149.42,145.4,137.1,6.06,2.76,8.99,3.51,142.41,161.14,1.67,7,False,True,True,True,False,True,True,True,True,Conviction ≥ 0.15
2026-09-29,VLO,Valero Energy,Bull,0.1089,0.1089,0.3663,0.3713,0.2624,7.72,59,562,0.1152,449,387.72,349.66,256.82,36.15,10.89,50.97,14.95,357.82,437.45,1.66,7,False,True,True,True,False,True,True,True,True,Conviction ≥ 0.15
2026-09-29,KEYS,Keysight Technologies,Bull,0.1087,0.1087,0.6304,0.2391,0.1304,11.12,8,149,0.1957,119,360.65,331.27,300.07,10.4,8.87,20.19,10.85,338.94,396.75,1.66,7,False,True,True,True,False,True,True,True,True,Conviction ≥ 0.15
2026-09-29,WAT,Waters Corporation,Bull,0.1074,0.1074,0.5455,0.281,0.1736,6.68,2,387,0.0702,309,443.26,406.8,362.91,12.09,8.96,22.14,11.75,419.76,482.3,1.66,7,False,True,True,True,False,True,True,True,True,Conviction ≥ 0.15
2026-09-29,RVTY,Revvity,Bull,0.1066,0.1066,0.4772,0.3147,0.2081,17.17,13,674,0.1006,539,152.77,125.43,105.51,18.88,21.8,44.8,4.69,143.39,168.33,1.66,7,False,True,True,True,False,True,True,True,True,Conviction ≥ 0.15
2026-09-29,SMCI,Supermicro,Bull,0.1053,0.1053,0.3053,0.4,0.2947,9.56,9,244,0.075,195,41.02,35.73,31.86,12.15,14.81,28.76,2.29,36.43,48.63,1.66,7,False,True,True,True,False,True,True,True,True,Conviction ≥ 0.15
2026-09-29,P,Everpure,Bull,0.0962,0.0962,0.4423,0.3269,0.2308,33.59,6,137,0.0952,109,130.05,98.43,77.67,26.72,32.13,67.44,6.8,116.44,152.42,1.64,7,False,True,True,True,False,True,True,True,True,Conviction ≥ 0.15
2026-09-29,KLAC,KLA Corporation,Bull,0.0897,0.0897,0.3543,0.3677,0.278,11.35,2,578,0.0178,462,196.53,188.2,176.63,6.55,4.43,11.26,7.93,180.67,222.45,1.63,7,False,True,True,True,False,True,True,True,True,Conviction ≥ 0.15
2026-09-29,APH,Amphenol,Bull,0.0839,0.0839,0.5105,0.2867,0.2028,6.19,2,438,0.2555,350,84.34,80.74,73.85,9.32,4.46,14.2,2.81,78.71,93.49,1.63,7,False,True,True,True,False,True,True,True,True,Conviction ≥ 0.15
2026-09-29,FIX,Comfort Systems USA,Bull,0.0833,0.0833,0.447,0.3182,0.2348,7.44,2,366,0.101,293,1665.05,1663.45,1545.4,7.64,0.1,7.74,71.79,1521.47,1898.37,1.62,7,False,True,True,True,False,True,True,True,True,Conviction ≥ 0.15
2026-09-29,INTC,Intel,Bull,0.0816,0.0816,0.4184,0.3316,0.25,25.86,9,585,0.0745,468,115.93,99.85,79.96,24.88,16.1,44.99,6.29,103.35,136.35,1.62,7,False,True,True,True,False,True,True,True,True,Conviction ≥ 0.15
2026-09-29,A,Agilent Technologies,Bull,0.0777,0.0777,0.4951,0.2913,0.2136,13.09,6,336,0.1053,269,175.03,150.52,132.41,13.68,16.29,32.19,4.93,165.17,190.97,1.62,7,False,True,True,True,False,True,True,True,True,Conviction ≥ 0.15
2026-09-29,MTD,Mettler Toledo,Bull,0.0748,0.0748,0.6075,0.2336,0.1589,8.99,6,362,0.019,289,1537.33,1397.23,1317.35,6.06,10.03,16.7,41.43,1454.48,1670.9,1.61,7,False,True,True,True,False,True,True,True,True,Conviction ≥ 0.15
2026-09-29,ADI,Analog Devices,Bull,0.0735,0.0735,0.3873,0.3431,0.2696,9.5,2,585,0.0412,468,398.22,374.1,357.66,4.6,6.45,11.34,11.09,376.05,433.92,1.61,7,False,True,True,True,False,True,True,True,True,Conviction ≥ 0.15
2026-09-29,AME,Ametek,Bull,0.0643,0.0643,0.5786,0.2429,0.1786,6.43,2,530,0.1071,424,250.78,243.18,229.57,5.93,3.12,9.24,5.06,240.66,266.93,1.6,7,False,True,True,True,False,True,True,True,True,Conviction ≥ 0.15
2026-09-29,TER,Teradyne,Bull,0.0558,0.0558,0.3466,0.3546,0.2988,14.15,6,674,0.1211,539,403.02,371.96,331.69,12.14,8.35,21.5,19.94,363.13,466.19,1.58,7,False,True,True,True,False,True,True,True,True,Conviction ≥ 0.15
2026-09-29,NTAP,NetApp,Bull,0.0548,0.0548,0.3425,0.3562,0.3014,12.13,3,387,0.1364,309,209.18,189.24,137.25,37.88,10.54,52.41,7.81,193.57,233.88,1.58,7,False,True,True,True,False,True,True,True,True,Conviction ≥ 0.15
2026-09-29,SWKS,Skyworks Solutions,Bull,0.0417,0.0417,0.3125,0.3646,0.3229,27.29,16,528,0.0513,422,88.04,72.89,65.53,11.23,20.79,34.36,4.45,79.15,101.93,1.56,7,False,True,True,True,False,True,True,True,True,Conviction ≥ 0.15
2026-09-29,ETN,Eaton Corporation,Bull,0.0105,0.0105,0.5789,0.2158,0.2053,7.52,3,683,0.0787,546,433.27,420.37,387.68,8.43,3.07,11.76,13.92,405.43,475.47,1.52,7,False,True,True,True,False,True,True,True,True,Conviction ≥ 0.15
2026-09-29,QCOM,Qualcomm,Bull,0.0068,0.0068,0.3946,0.3061,0.2993,7.69,16,436,0.084,349,184.1,170.83,169.2,0.97,7.77,8.81,9.03,166.03,211.39,1.51,7,False,True,True,True,False,True,True,True,True,Conviction ≥ 0.15
2026-09-29,GEV,GE Vernova,Bull,0.5,0.5,0.25,0.625,0.125,6.88,1,30,0.5,24,962.49,968.41,913.15,6.05,-0.61,5.4,35.07,892.35,1120.31,2.25,6,False,True,True,False,True,True,False,True,True,Regime held ≥ 2 bars; At least 90 transitions
2026-09-29,FANG,Diamondback Energy,Bear,0.3913,0.3913,0.2174,0.587,0.1957,-8.61,10,174,0.3125,139,183.95,198.73,184.2,7.89,-7.44,-0.13,5.87,172.21,208.45,2.09,6,False,False,False,True,True,True,True,True,True,Bull regime; 20-day return ≥ +6%
2026-09-29,AWK,American Water Works,Bear,0.3793,0.3793,0.5517,0.4138,0.0345,-6.29,2,230,0.3846,184,129.8,136.05,132.0,3.07,-4.59,-1.66,2.6,124.6,140.55,2.07,6,False,False,False,True,True,True,True,True,True,Bull regime; 20-day return ≥ +6%
2026-09-29,CTVA,Corteva,Bear,0.3125,0.3125,0.6875,0.3125,0.0,-8.32,2,91,0.2222,72,77.87,82.1,78.63,4.42,-5.15,-0.97,2.31,73.25,86.97,1.97,6,False,False,False,True,True,True,True,True,True,Bull regime; 20-day return ≥ +6%
2026-09-29,NOW,ServiceNow,Bear,0.3023,0.3023,0.2326,0.5349,0.2326,-13.01,2,178,0.2545,142,129.94,126.86,116.23,9.14,2.43,11.8,5.96,118.03,153.21,1.95,6,False,False,False,True,True,True,True,True,True,Bull regime; 20-day return ≥ +6%
2026-09-29,FOXA,Fox Corporation (Class A),Bear,0.2857,0.2857,0.3333,0.4762,0.1905,-7.51,8,93,0.1765,74,62.48,63.98,63.29,1.09,-2.34,-1.28,1.62,59.23,68.75,1.93,6,False,False,False,True,True,True,True,True,True,Bull regime; 20-day return ≥ +6%
2026-09-29,BLK,BlackRock,Bear,0.2759,0.2759,0.4483,0.4138,0.1379,-7.89,15,338,0.25,270,1067.94,1108.64,1061.32,4.46,-3.67,0.62,23.5,1020.94,1157.89,1.91,6,False,False,False,True,True,True,True,True,True,Bull regime; 20-day return ≥ +6%
2026-09-29,EXR,Extra Space Storage,Bear,0.2745,0.2745,0.4902,0.3922,0.1176,-5.54,21,277,0.0556,221,133.49,143.04,141.77,0.9,-6.68,-5.84,2.68,128.13,143.73,1.91,6,False,False,False,True,True,True,True,True,True,Bull regime; 20-day return ≥ +6%
2026-09-29,RF,Regions Financial Corporation,Bear,0.2692,0.2692,0.3654,0.4519,0.1827,-10.54,12,585,0.1509,468,26.89,30.19,28.71,5.18,-10.94,-6.33,0.58,25.73,29.09,1.9,6,False,False,False,True,True,True,True,True,True,Bull regime; 20-day return ≥ +6%
2026-09-29,CFG,Citizens Financial Group,Bear,0.2647,0.2647,0.3824,0.4412,0.1765,-7.51,6,150,0.0645,119,63.89,70.3,65.06,8.06,-9.12,-1.8,1.48,60.94,69.49,1.9,6,False,False,False,True,True,True,True,True,True,Bull regime; 20-day return ≥ +6%
2026-09-29,MA,Mastercard,Sideways,0.2635,0.2635,0.5338,0.3649,0.1014,-4.46,3,254,0.3,203,563.58,569.64,532.42,6.99,-1.06,5.85,8.91,545.75,597.37,1.9,6,False,False,False,True,True,True,True,True,True,Bull regime; 20-day return ≥ +6%
2026-09-29,IBKR,Interactive Brokers,Bear,0.2453,0.2453,0.4151,0.4151,0.1698,-12.13,5,243,0.1,194,86.18,91.05,80.95,12.47,-5.35,6.46,2.82,80.55,96.7,1.87,6,False,False,False,True,True,True,True,True,True,Bull regime; 20-day return ≥ +6%
2026-09-29,ALL,Allstate,Bear,0.2429,0.2429,0.4714,0.3857,0.1429,-13.42,6,418,0.2698,334,225.42,255.42,224.51,13.76,-11.74,0.4,5.75,213.92,246.87,1.86,6,False,False,False,True,True,True,True,True,True,Bull regime; 20-day return ≥ +6%
2026-09-29,AMZN,Amazon,Bear,0.2391,0.2391,0.2609,0.4891,0.25,-5.17,2,368,0.1429,294,246.67,256.09,241.01,6.25,-3.68,2.35,5.6,235.47,267.49,1.86,6,False,False,False,True,True,True,True,True,True,Bull regime; 20-day return ≥ +6%
2026-09-29,VMRK,Vivmark Residential,Bear,0.2368,0.2368,0.4737,0.3816,0.1447,-5.99,8,415,0.2982,332,61.35,65.38,64.07,2.04,-6.16,-4.24,1.3,58.76,66.16,1.86,6,False,False,False,True,True,True,True,True,True,Bull regime; 20-day return ≥ +6%
2026-09-29,PCAR,Paccar,Bear,0.2348,0.2348,0.4167,0.4091,0.1742,-10.46,23,585,0.1038,468,111.8,125.85,120.79,4.19,-11.16,-7.44,2.7,106.39,121.82,1.85,6,False,False,False,True,True,True,True,True,True,Bull regime; 20-day return ≥ +6%
2026-09-29,ANET,Arista Networks,Sideways,0.2295,0.2295,0.4098,0.4098,0.1803,3.6,4,153,0.1695,122,202.86,191.63,157.77,21.46,5.86,28.58,7.38,188.09,230.1,1.84,6,False,False,False,True,True,True,True,True,True,Bull regime; 20-day return ≥ +6%
2026-09-29,SW,Smurfit Westrock,Bear,0.2264,0.2264,0.3962,0.4151,0.1887,-5.52,2,228,0.0435,182,44.38,46.72,43.18,8.2,-5.01,2.78,1.42,41.55,49.59,1.84,6,False,False,False,True,True,True,True,True,True,Bull regime; 20-day return ≥ +6%
2026-09-29,UNP,Union Pacific Corporation,Bear,0.2245,0.2245,0.4694,0.3776,0.1531,-9.23,11,588,0.0978,470,274.15,291.9,264.24,10.47,-6.08,3.75,5.05,264.04,292.71,1.84,6,False,False,False,True,True,True,True,True,True,Bull regime; 20-day return ≥ +6%
2026-09-29,CASY,Casey's,Bear,0.2222,0.2222,0.4259,0.3981,0.1759,-22.63,24,539,0.2556,431,599.9,760.37,731.26,3.98,-21.1,-17.96,23.74,552.42,686.95,1.83,6,False,False,False,True,True,True,True,True,True,Bull regime; 20-day return ≥ +6%
2026-09-29,HLT,Hilton Worldwide,Sideways,0.2222,0.2222,0.5333,0.3444,0.1222,2.24,3,159,0.2188,127,323.44,317.92,315.55,0.75,1.74,2.5,6.55,310.35,347.44,1.83,6,False,False,False,True,True,True,True,True,True,Bull regime; 20-day return ≥ +6%
2026-09-29,FOX,Fox Corporation (Class B),Bear,0.2222,0.2222,0.3333,0.4444,0.2222,-7.57,7,93,0.0588,74,55.83,57.11,56.83,0.49,-2.24,-1.76,1.45,52.94,61.13,1.83,6,False,False,False,True,True,True,True,True,True,Bull regime; 20-day return ≥ +6%
2026-09-29,ABT,Abbott Laboratories,Bear,0.2211,0.2211,0.5263,0.3474,0.1263,-8.91,14,585,0.1429,468,100.95,107.0,104.44,2.45,-5.65,-3.34,2.23,96.49,109.13,1.83,6,False,False,False,True,True,True,True,True,True,Bull regime; 20-day return ≥ +6%
2026-09-29,URI,United Rentals,Sideways,0.215,0.215,0.2804,0.4673,0.2523,-2.29,6,360,0.2198,288,1014.54,1066.32,944.53,12.89,-4.86,7.41,31.68,951.19,1129.99,1.82,6,False,False,False,True,True,True,True,True,True,Bull regime; 20-day return ≥ +6%
2026-09-29,LH,Labcorp,Bear,0.2111,0.2111,0.4556,0.3778,0.1667,-7.44,6,458,0.122,366,308.81,317.97,279.7,13.68,-2.88,10.41,7.59,293.63,336.38,1.82,6,False,False,False,True,True,True,True,True,True,Bull regime; 20-day return ≥ +6%
2026-09-29,SJM,J.M. Smucker Company (The),Bear,0.2097,0.2097,0.5645,0.3226,0.1129,-8.31,4,400,0.0481,320,120.7,122.46,108.39,12.98,-1.44,11.36,2.79,115.12,130.82,1.81,6,False,False,False,True,True,True,True,True,True,Bull regime; 20-day return ≥ +6%
2026-09-29,HAS,Hasbro,Bear,0.208,0.208,0.44,0.384,0.176,-6.41,15,585,0.1134,468,88.26,91.95,90.26,1.87,-4.02,-2.22,2.25,83.77,96.4,1.81,6,False,False,False,True,True,True,True,True,True,Bull regime; 20-day return ≥ +6%
2026-09-29,FITB,Fifth Third Bancorp,Bear,0.2037,0.2037,0.4444,0.3796,0.1759,-5.35,5,585,0.1771,468,50.97,55.26,51.65,7.01,-7.77,-1.31,1.08,48.8,54.89,1.81,6,False,False,False,True,True,True,True,True,True,Bull regime; 20-day return ≥ +6%
2026-09-29,ADP,Automatic Data Processing,Bear,0.2,0.2,0.5867,0.3067,0.1067,-8.9,5,585,0.1875,468,261.8,270.4,238.06,13.59,-3.18,9.97,5.47,250.86,281.5,1.8,6,False,False,False,True,True,True,True,True,True,Bull regime; 20-day return ≥ +6%
2026-09-29,GPN,Global Payments,Bear,0.1972,0.1972,0.4085,0.3944,0.1972,-8.86,9,322,0.14,257,83.33,87.96,76.51,14.97,-5.27,8.92,2.48,78.37,92.24,1.8,6,False,False,False,True,True,True,True,True,True,Bull regime; 20-day return ≥ +6%
2026-09-29,MRSH,Marsh McLennan,Bear,0.1875,0.1875,0.4732,0.3571,0.1696,-10.77,10,674,0.2143,539,170.42,184.28,177.37,3.9,-7.52,-3.92,3.66,163.1,183.45,1.78,6,False,False,False,True,True,True,True,True,True,Bull regime; 20-day return ≥ +6%
2026-09-29,CRM,Salesforce,Bear,0.1818,0.1818,0.2727,0.4545,0.2727,-13.37,3,279,0.1786,223,225.31,215.84,200.9,7.44,4.39,12.15,8.94,207.42,257.02,1.77,6,False,False,False,True,True,True,True,True,True,Bull regime; 20-day return ≥ +6%
2026-09-29,KIM,Kimco Realty,Bear,0.1791,0.1791,0.4627,0.3582,0.1791,-5.59,11,437,0.0806,349,22.42,24.08,23.24,3.6,-6.89,-3.54,0.34,21.74,23.62,1.77,6,False,False,False,True,True,True,True,True,True,Bull regime; 20-day return ≥ +6%
2026-09-29,FAST,Fastenal,Sideways,0.1778,0.1778,0.4756,0.3511,0.1733,1.31,13,491,0.2125,393,49.96,49.6,46.11,7.58,0.72,8.35,0.98,48.01,53.41,1.77,6,False,False,False,True,True,True,True,True,True,Bull regime; 20-day return ≥ +6%
2026-09-29,FRT,Federal Realty Investment Trust,Bear,0.1735,0.1735,0.5408,0.3163,0.1429,-5.89,9,672,0.1573,537,109.39,117.53,112.36,4.6,-6.93,-2.64,1.67,106.05,115.26,1.76,6,False,False,False,True,True,True,True,True,True,Bull regime; 20-day return ≥ +6%
2026-09-29,COF,Capital One,Bear,0.1724,0.1724,0.3678,0.4023,0.2299,-8.79,7,399,0.2237,319,196.46,211.6,206.33,2.55,-7.15,-4.78,4.71,187.03,213.04,1.76,6,False,False,False,True,True,True,True,True,True,Bull regime; 20-day return ≥ +6%
2026-09-29,DLR,Digital Realty,Sideways,0.1711,0.1711,0.6053,0.2829,0.1118,-4.99,2,274,0.1087,219,176.56,188.29,180.73,4.18,-6.23,-2.31,4.68,167.2,193.0,1.76,6,False,False,False,True,True,True,True,True,True,Bull regime; 20-day return ≥ +6%
2026-09-29,BNY,BNY Mellon,Bear,0.1707,0.1707,0.4553,0.3577,0.187,-9.28,6,672,0.1589,537,146.98,158.33,136.36,16.11,-7.17,7.79,2.98,141.02,157.45,1.76,6,False,False,False,True,True,True,True,True,True,Bull regime; 20-day return ≥ +6%
2026-09-29,SBUX,Starbucks,Bear,0.1687,0.1687,0.4458,0.3614,0.1928,-10.74,15,430,0.2208,343,95.43,102.86,98.61,4.31,-7.23,-3.23,2.2,91.04,103.13,1.75,6,False,False,False,True,True,True,True,True,True,Bull regime; 20-day return ≥ +6%
2026-09-29,ARES,Ares Management,Bear,0.1667,0.1667,0.3667,0.4,0.2333,-18.52,15,155,0.1724,123,118.97,133.46,130.73,2.09,-10.86,-8.99,4.39,110.19,134.34,1.75,6,False,False,False,True,True,True,True,True,True,Bull regime; 20-day return ≥ +6%
2026-09-29,USB,U.S. Bancorp,Bear,0.1667,0.1667,0.5588,0.3039,0.1373,-5.75,5,672,0.2619,537,58.14,62.51,57.61,8.51,-6.99,0.93,1.16,55.82,62.2,1.75,6,False,False,False,True,True,True,True,True,True,Bull regime; 20-day return ≥ +6%
2026-09-29,STT,State Street Corporation,Bear,0.1641,0.1641,0.3047,0.4297,0.2656,-7.37,6,585,0.1619,468,177.78,186.74,154.23,21.08,-4.8,15.27,4.02,169.74,191.82,1.75,6,False,False,False,True,True,True,True,True,True,Bull regime; 20-day return ≥ +6%
2026-09-29,PLD,Prologis,Bear,0.1613,0.1613,0.4194,0.371,0.2097,-5.37,6,361,0.2364,289,132.61,139.75,137.94,1.31,-5.11,-3.87,2.13,128.34,140.04,1.74,6,False,False,False,True,True,True,True,True,True,Bull regime; 20-day return ≥ +6%
2026-09-29,DXCM,Dexcom,Sideways,0.1609,0.1609,0.3103,0.4253,0.2644,-4.98,11,268,0.1786,214,86.64,85.55,72.77,17.57,1.27,19.06,2.24,82.17,94.43,1.74,6,False,False,False,True,True,True,True,True,True,Bull regime; 20-day return ≥ +6%
2026-09-29,PSA,Public Storage,Bear,0.1585,0.1585,0.5976,0.2805,0.122,-7.23,21,576,0.1279,461,285.58,311.24,299.51,3.92,-8.25,-4.65,5.86,273.87,305.93,1.74,6,False,False,False,True,True,True,True,True,True,Bull regime; 20-day return ≥ +6%
2026-09-29,EW,Edwards Lifesciences,Sideways,0.1585,0.1585,0.5366,0.311,0.1524,-2.99,3,332,0.1275,265,88.08,88.4,85.1,3.88,-0.36,3.5,2.07,83.93,95.29,1.74,6,False,False,False,True,True,True,True,True,True,Bull regime; 20-day return ≥ +6%
2026-09-29,MSFT,Microsoft,Sideways,0.1585,0.1585,0.5321,0.3132,0.1547,0.33,21,509,0.1587,407,508.96,480.25,432.3,11.09,5.98,17.73,11.88,485.19,550.26,1.74,6,False,False,False,True,True,True,True,True,True,Bull regime; 20-day return ≥ +6%
2026-09-29,VRSN,Verisign,Sideways,0.1582,0.1582,0.4747,0.3418,0.1835,-2.97,6,359,0.0714,287,279.84,287.95,265.24,8.56,-2.81,5.51,7.7,264.43,306.61,1.74,6,False,False,False,True,True,True,True,True,True,Bull regime; 20-day return ≥ +6%
2026-09-29,CINF,Cincinnati Financial,Bear,0.1579,0.1579,0.5053,0.3263,0.1684,-5.3,5,585,0.1216,468,161.13,172.36,167.53,2.88,-6.52,-3.82,2.77,155.59,170.75,1.74,6,False,False,False,True,True,True,True,True,True,Bull regime; 20-day return ≥ +6%
2026-09-29,CSX,CSX Corporation,Bear,0.1579,0.1579,0.3509,0.4035,0.2456,-7.35,9,577,0.1327,461,46.93,49.68,44.16,12.52,-5.54,6.28,0.9,45.12,50.07,1.74,6,False,False,False,True,True,True,True,True,True,Bull regime; 20-day return ≥ +6%
2026-09-29,RSG,Republic Services,Sideways,0.1574,0.1574,0.6296,0.2639,0.1065,-4.16,11,354,0.2895,283,211.92,217.24,215.24,0.93,-2.45,-1.54,3.38,205.16,223.65,1.74,6,False,False,False,True,True,True,True,True,True,Bull regime; 20-day return ≥ +6%
2026-09-29,OMC,Omnicom Group,Bear,0.156,0.156,0.4587,0.3486,0.1927,-16.6,15,585,0.1042,468,74.14,82.12,78.4,4.74,-9.71,-5.43,2.16,69.82,81.64,1.73,6,False,False,False,True,True,True,True,True,True,Bull regime; 20-day return ≥ +6%
2026-09-29,TECH,Bio-Techne,Sideways,0.1556,0.1556,0.5333,0.3111,0.1556,0.1,47,472,0.1322,378,72.38,72.23,61.84,16.8,0.21,17.04,0.21,71.96,73.1,1.73,6,False,False,False,True,True,True,True,True,True,Bull regime; 20-day return ≥ +6%
2026-09-29,META,Meta Platforms,Bull,0.1406,0.1406,0.4531,0.3438,0.2031,25.53,15,179,0.1111,143,738.79,619.0,627.21,-1.31,19.35,17.79,27.81,683.17,833.95,1.71,6,False,True,True,True,False,True,True,True,False,Conviction ≥ 0.15; SMA50 > SMA200
2026-09-29,ISRG,Intuitive Surgical,Bull,0.1024,0.1024,0.3622,0.3701,0.2677,8.96,7,329,0.1683,263,412.18,376.5,449.46,-16.23,9.48,-8.29,11.27,389.64,449.45,1.65,6,False,True,True,True,False,True,True,True,False,Conviction ≥ 0.15; SMA50 > SMA200
2026-09-29,LRCX,Lam Research,Bull,0.0955,0.0955,0.35,0.3727,0.2773,7.16,1,533,0.1642,426,323.86,304.95,272.45,11.93,6.2,18.87,14.44,294.99,371.3,1.64,6,False,True,True,False,False,True,True,True,True,Regime held ≥ 2 bars; Conviction ≥ 0.15
2026-09-29,BE,Bloom Energy,Bull,0.0952,0.0952,0.2381,0.4286,0.3333,34.49,17,101,-0.0323,81,291.25,232.52,204.67,13.6,25.26,42.3,21.31,248.63,361.28,1.64,6,False,True,True,True,False,True,True,False,True,Conviction ≥ 0.15; Positive 25-day signal
2026-09-29,HOOD,Robinhood Markets,Bull,0.087,0.087,0.3913,0.3478,0.2609,10.33,27,63,0.1364,50,116.22,104.92,94.43,11.1,10.77,23.07,5.94,104.34,135.58,1.63,6,False,True,True,True,False,True,False,True,True,Conviction ≥ 0.15; At least 90 transitions
2026-09-29,MCHP,Microchip Technology,Bull,0.069,0.069,0.3793,0.3448,0.2759,7.01,2,420,0.053,336,78.78,76.04,78.72,-3.41,3.61,0.08,2.78,73.22,87.7,1.6,6,False,True,True,True,False,True,True,True,False,Conviction ≥ 0.15; SMA50 > SMA200
2026-09-29,ZBRA,Zebra Technologies,Bull,0.0654,0.0654,0.4248,0.3203,0.2549,6.15,1,441,0.0593,352,375.97,344.03,265.59,29.53,9.29,41.56,11.21,353.55,411.79,1.6,6,False,True,True,False,False,True,True,True,True,Regime held ≥ 2 bars; Conviction ≥ 0.15
2026-09-29,DHR,Danaher Corporation,Bull,0.0651,0.0651,0.5799,0.2426,0.1775,5.71,2,600,0.1154,480,226.11,206.86,201.8,2.51,9.31,12.05,5.67,214.76,244.24,1.6,6,False,True,False,True,False,True,True,True,True,20-day return ≥ +6%; Conviction ≥ 0.15
2026-09-29,GLW,Corning Inc.,Bull,0.0649,0.0649,0.4486,0.3081,0.2432,6.49,1,562,0.0516,450,158.71,152.83,149.48,2.24,3.85,6.18,8.19,142.32,184.89,1.6,6,False,True,True,False,False,True,True,True,True,Regime held ≥ 2 bars; Conviction ≥ 0.15
2026-09-29,LUV,Southwest Airlines,Bull,0.0558,0.0558,0.3756,0.3401,0.2843,8.81,3,588,0.0867,470,42.08,42.52,43.51,-2.26,-1.04,-3.28,1.34,39.4,46.33,1.58,6,False,True,True,True,False,True,True,True,False,Conviction ≥ 0.15; SMA50 > SMA200
2026-09-29,TXN,Texas Instruments,Bull,0.0433,0.0433,0.476,0.2837,0.2404,7.66,2,683,-0.1141,546,281.69,270.85,247.23,9.55,4.0,13.94,7.98,265.73,306.66,1.56,6,False,True,True,True,False,True,True,False,True,Conviction ≥ 0.15; Positive 25-day signal
2026-09-29,GNRC,Generac,Bull,0.0423,0.0423,0.3944,0.3239,0.2817,13.52,3,208,0.1404,166,212.22,200.96,211.86,-5.15,5.6,0.17,10.21,191.8,244.15,1.56,6,False,True,True,True,False,True,True,True,False,Conviction ≥ 0.15; SMA50 > SMA200
2026-09-29,HPE,Hewlett Packard Enterprise,Bull,-0.0233,0.0233,0.3721,0.3023,0.3256,16.3,9,136,0.1622,109,61.49,54.62,36.28,50.57,12.58,69.5,3.4,54.69,71.92,1.53,6,False,True,True,True,False,False,True,True,True,Conviction ≥ 0.15; Positive signal
2026-09-29,VTRS,Viatris,Bull,-0.0099,0.0099,0.3596,0.3153,0.3251,9.31,3,585,0.0301,468,18.12,16.93,15.23,11.15,7.05,18.99,0.47,17.19,19.53,1.51,6,False,True,True,True,False,False,True,True,True,Conviction ≥ 0.15; Positive signal
2026-09-29,INTU,Intuit,Bear,0.337,0.337,0.3152,0.5109,0.1739,-29.31,10,421,0.1867,336,268.03,323.7,399.53,-18.98,-17.2,-32.91,13.07,241.89,320.46,2.01,5,False,False,False,True,True,True,True,True,False,Bull regime; 20-day return ≥ +6%; SMA50 > SMA200
2026-09-29,STE,Steris,Bear,0.3086,0.3086,0.4444,0.4321,0.1235,-9.93,17,431,0.3415,344,210.65,224.08,228.83,-2.07,-5.99,-7.94,4.45,201.74,228.13,1.96,5,False,False,False,True,True,True,True,True,False,Bull regime; 20-day return ≥ +6%; SMA50 > SMA200
2026-09-29,FISV,Fiserv,Bear,0.2967,0.2967,0.3956,0.4505,0.1538,-16.15,9,502,0.1143,402,45.36,51.29,57.11,-10.18,-11.57,-20.57,1.64,42.07,51.75,1.95,5,False,False,False,True,True,True,True,True,False,Bull regime; 20-day return ≥ +6%; SMA50 > SMA200
2026-09-29,ATO,Atmos Energy,Bear,0.2742,0.2742,0.5645,0.3548,0.0806,-5.27,10,537,0.2407,429,157.6,167.97,174.66,-3.83,-6.17,-9.77,2.24,153.12,166.17,1.91,5,False,False,False,True,True,True,True,True,False,Bull regime; 20-day return ≥ +6%; SMA50 > SMA200
2026-09-29,TDG,TransDigm Group,Bear,0.2667,0.2667,0.4222,0.4222,0.1556,-6.34,23,257,0.3,205,1099.79,1186.05,1250.62,-5.16,-7.27,-12.06,26.52,1046.74,1200.58,1.9,5,False,False,False,True,True,True,True,True,False,Bull regime; 20-day return ≥ +6%; SMA50 > SMA200
2026-09-29,O,Realty Income,Bear,0.2632,0.2632,0.5965,0.3333,0.0702,-10.56,13,400,0.1837,320,55.14,61.27,61.88,-0.98,-10.0,-10.89,0.85,53.44,58.36,1.89,5,False,False,False,True,True,True,True,True,False,Bull regime; 20-day return ≥ +6%; SMA50 > SMA200
2026-09-29,ABNB,Airbnb,Bear,0.25,0.25,0.35,0.45,0.2,-15.47,16,71,0.2381,57,156.96,168.44,143.01,17.78,-6.81,9.75,5.49,145.98,177.54,1.88,5,False,False,False,True,True,True,False,True,True,Bull regime; 20-day return ≥ +6%; At least 90 transitions
2026-09-29,VRSK,Verisk Analytics,Bear,0.2414,0.2414,0.4828,0.3793,0.1379,-15.51,9,212,0.0476,169,165.94,185.74,190.79,-2.65,-10.66,-13.02,5.64,154.66,186.95,1.86,5,False,False,False,True,True,True,True,True,False,Bull regime; 20-day return ≥ +6%; SMA50 > SMA200
2026-09-29,MSCI,MSCI,Bear,0.2326,0.2326,0.3953,0.4186,0.186,-5.56,2,236,0.1176,188,539.76,561.86,572.96,-1.94,-3.93,-5.79,12.07,515.62,584.39,1.85,5,False,False,False,True,True,True,True,True,False,Bull regime; 20-day return ≥ +6%; SMA50 > SMA200
2026-09-29,MPC,Marathon Petroleum,Sideways,0.2308,0.2308,0.3333,0.4487,0.2179,4.89,1,190,0.1061,152,392.03,359.65,258.32,39.22,9.0,51.76,14.45,363.13,445.39,1.85,5,False,False,False,False,True,True,True,True,True,Bull regime; 20-day return ≥ +6%; Regime held ≥ 2 bars
2026-09-29,LDOS,Leidos,Bear,0.2308,0.2308,0.5,0.3654,0.1346,-13.01,16,249,0.2558,199,123.1,129.7,148.26,-12.52,-5.09,-16.97,3.67,115.76,136.65,1.85,5,False,False,False,True,True,True,True,True,False,Bull regime; 20-day return ≥ +6%; SMA50 > SMA200
2026-09-29,RMD,ResMed|,Bear,0.2273,0.2273,0.3636,0.4318,0.2045,-7.46,5,393,0.1304,314,222.83,221.65,226.19,-2.01,0.53,-1.48,5.52,211.8,243.14,1.84,5,False,False,False,True,True,True,True,True,False,Bull regime; 20-day return ≥ +6%; SMA50 > SMA200
2026-09-29,ORLY,O'Reilly Automotive,Sideways,0.2261,0.2261,0.5391,0.3435,0.1174,-3.12,4,419,0.3051,335,86.07,88.49,91.09,-2.86,-2.73,-5.51,1.84,82.39,92.83,1.84,5,False,False,False,True,True,True,True,True,False,Bull regime; 20-day return ≥ +6%; SMA50 > SMA200
2026-09-29,IR,Ingersoll Rand,Sideways,0.22,0.22,0.42,0.4,0.18,-0.74,3,116,0.122,93,76.48,79.65,81.67,-2.47,-3.98,-6.35,2.02,72.43,83.89,1.83,5,False,False,False,True,True,True,True,True,False,Bull regime; 20-day return ≥ +6%; SMA50 > SMA200
2026-09-29,WM,Waste Management,Bear,0.2179,0.2179,0.3462,0.4359,0.2179,-5.56,9,480,0.1579,384,207.09,221.76,225.02,-1.45,-6.62,-7.97,3.27,200.54,219.05,1.83,5,False,False,False,True,True,True,True,True,False,Bull regime; 20-day return ≥ +6%; SMA50 > SMA200
2026-09-29,CTSH,Cognizant,Bear,0.2179,0.2179,0.3974,0.4103,0.1923,-12.77,6,354,0.1587,283,56.84,57.94,61.35,-5.56,-1.9,-7.35,2.04,52.75,64.31,1.83,5,False,False,False,True,True,True,True,True,False,Bull regime; 20-day return ≥ +6%; SMA50 > SMA200
2026-09-29,CPRT,Copart,Bear,0.2143,0.2143,0.4048,0.4048,0.1905,-19.52,9,408,0.2121,326,27.14,30.49,33.67,-9.45,-10.98,-19.39,0.92,25.29,30.5,1.82,5,False,False,False,True,True,True,True,True,False,Bull regime; 20-day return ≥ +6%; SMA50 > SMA200
2026-09-29,NKE,"Nike, Inc.",Bear,0.2124,0.2124,0.5221,0.3451,0.1327,-8.6,25,576,0.1402,460,35.84,39.38,49.21,-19.97,-8.99,-27.17,0.98,33.87,39.41,1.82,5,False,False,False,True,True,True,True,True,False,Bull regime; 20-day return ≥ +6%; SMA50 > SMA200
2026-09-29,IDXX,Idexx Laboratories,Sideways,0.2118,0.2118,0.532,0.3399,0.1281,-4.27,3,443,0.2,354,533.44,545.37,590.72,-7.68,-2.19,-9.7,13.66,506.12,583.11,1.82,5,False,False,False,True,True,True,True,True,False,Bull regime; 20-day return ≥ +6%; SMA50 > SMA200
2026-09-29,BG,Bunge Global,Bear,0.2059,0.2059,0.4412,0.3824,0.1765,-7.2,2,315,0.0291,252,108.14,114.71,115.94,-1.06,-5.73,-6.73,3.86,100.43,122.09,1.81,5,False,False,False,True,True,True,True,True,False,Bull regime; 20-day return ≥ +6%; SMA50 > SMA200
2026-09-29,MLM,Martin Marietta Materials,Bear,0.191,0.191,0.4494,0.3708,0.1798,-7.94,20,409,0.1486,327,479.09,525.84,591.73,-11.13,-8.89,-19.04,14.3,450.49,530.18,1.79,5,False,False,False,True,True,True,True,True,False,Bull regime; 20-day return ≥ +6%; SMA50 > SMA200
2026-09-29,PANW,Palo Alto Networks,Sideways,0.1905,0.1905,0.3968,0.3968,0.2063,1.63,1,177,0.1429,141,388.41,357.99,247.2,44.82,8.5,57.13,18.16,352.1,453.25,1.79,5,False,False,False,False,True,True,True,True,True,Bull regime; 20-day return ≥ +6%; Regime held ≥ 2 bars
2026-09-29,CRH,CRH plc,Bear,0.1895,0.1895,0.4526,0.3684,0.1789,-10.93,20,467,0.2361,373,84.53,93.84,109.02,-13.92,-9.92,-22.46,2.47,79.6,93.33,1.78,5,False,False,False,True,True,True,True,True,False,Bull regime; 20-day return ≥ +6%; SMA50 > SMA200
2026-09-29,CLX,Clorox,Bear,0.188,0.188,0.5043,0.3419,0.1538,-17.99,20,674,0.1204,539,81.6,96.49,101.71,-5.13,-15.43,-19.77,2.62,76.36,90.93,1.78,5,False,False,False,True,True,True,True,True,False,Bull regime; 20-day return ≥ +6%; SMA50 > SMA200
2026-09-29,COR,Cencora,Bear,0.1867,0.1867,0.4933,0.3467,0.16,-5.07,2,395,0.2857,315,307.6,317.49,318.8,-0.41,-3.11,-3.51,7.47,292.66,334.19,1.78,5,False,False,False,True,True,True,True,True,False,Bull regime; 20-day return ≥ +6%; SMA50 > SMA200
2026-09-29,ADSK,Autodesk,Bear,0.1831,0.1831,0.3662,0.4085,0.2254,-24.09,17,518,0.2308,414,203.18,233.16,240.27,-2.96,-12.86,-15.44,8.28,186.61,232.58,1.77,5,False,False,False,True,True,True,True,True,False,Bull regime; 20-day return ≥ +6%; SMA50 > SMA200
2026-09-29,AVGO,Broadcom,Sideways,0.1765,0.1765,0.4706,0.3529,0.1765,-4.2,1,214,0.2466,171,355.1,375.74,367.78,2.16,-5.49,-3.45,10.88,333.34,393.51,1.76,5,False,False,False,False,True,True,True,True,True,Bull regime; 20-day return ≥ +6%; Regime held ≥ 2 bars
2026-09-29,NUE,Nucor,Bear,0.1748,0.1748,0.3776,0.3986,0.2238,-5.52,1,585,0.0417,468,236.24,255.81,213.58,19.77,-7.65,10.61,7.83,220.57,263.85,1.76,5,False,False,False,False,True,True,True,True,True,Bull regime; 20-day return ≥ +6%; Regime held ≥ 2 bars
2026-09-29,STZ,Constellation Brands,Bear,0.1744,0.1744,0.4302,0.3721,0.1977,-14.69,17,433,0.3108,346,112.77,128.09,143.76,-10.9,-11.96,-21.55,2.9,106.97,122.99,1.76,5,False,False,False,True,True,True,True,True,False,Bull regime; 20-day return ≥ +6%; SMA50 > SMA200
2026-09-29,IVZ,Invesco,Bear,0.1731,0.1731,0.4038,0.3846,0.2115,-7.47,6,390,-0.0349,311,30.42,31.38,27.76,13.03,-3.06,9.57,0.91,28.6,33.63,1.76,5,False,False,False,True,True,True,True,False,True,Bull regime; 20-day return ≥ +6%; Positive 25-day signal
2026-09-29,MAA,Mid-America Apartment Communities,Bear,0.1724,0.1724,0.5172,0.3276,0.1552,-8.43,14,410,0.193,327,118.43,128.73,131.3,-1.96,-8.0,-9.8,2.12,114.19,125.89,1.76,5,False,False,False,True,True,True,True,True,False,Bull regime; 20-day return ≥ +6%; SMA50 > SMA200
2026-09-29,SBAC,SBA Communications,Bear,0.1667,0.1667,0.3718,0.3974,0.2308,-15.26,6,342,0.1667,273,162.81,181.02,191.76,-5.6,-10.06,-15.1,4.88,153.05,179.89,1.75,5,False,False,False,True,True,True,True,True,False,Bull regime; 20-day return ≥ +6%; SMA50 > SMA200
2026-09-29,CDNS,Cadence Design Systems,Sideways,0.1642,0.1642,0.4478,0.3582,0.194,-4.41,2,494,0.1667,395,324.17,318.19,325.42,-2.22,1.88,-0.38,11.01,302.16,362.61,1.75,5,False,False,False,True,True,True,True,True,False,Bull regime; 20-day return ≥ +6%; SMA50 > SMA200
2026-09-29,SPGI,S&P Global,Bear,0.1624,0.1624,0.4615,0.3504,0.188,-10.49,9,674,0.1456,539,392.45,419.38,425.36,-1.41,-6.42,-7.74,9.66,373.12,426.15,1.74,5,False,False,False,True,True,True,True,True,False,Bull regime; 20-day return ≥ +6%; SMA50 > SMA200
2026-09-29,XYL,Xylem Inc.,Bear,0.1613,0.1613,0.5161,0.3226,0.1613,-8.71,4,187,0.1379,149,100.93,113.12,121.56,-6.94,-10.78,-16.97,2.57,95.79,109.89,1.74,5,False,False,False,True,True,True,True,True,False,Bull regime; 20-day return ≥ +6%; SMA50 > SMA200
2026-09-29,SO,Southern Company,Bear,0.1607,0.1607,0.625,0.2679,0.1071,-5.31,6,562,0.1455,450,83.45,90.05,92.19,-2.32,-7.33,-9.48,1.33,80.79,88.09,1.74,5,False,False,False,True,True,True,True,True,False,Bull regime; 20-day return ≥ +6%; SMA50 > SMA200
2026-09-29,FICO,Fair Isaac,Bear,0.1607,0.1607,0.3214,0.4196,0.2589,-61.88,17,492,0.1124,393,617.87,1063.22,1236.47,-14.01,-41.89,-50.03,58.39,501.1,821.18,1.74,5,False,False,False,True,True,True,True,True,False,Bull regime; 20-day return ≥ +6%; SMA50 > SMA200
2026-09-29,AZO,AutoZone,Sideways,0.1518,0.1518,0.5446,0.3036,0.1518,-3.93,4,445,0.2372,356,2875.97,2973.01,3306.49,-10.09,-3.26,-13.02,82.44,2711.1,3160.81,1.73,5,False,False,False,True,True,True,True,True,False,Bull regime; 20-day return ≥ +6%; SMA50 > SMA200
2026-09-29,PODD,Insulet Corporation,Bear,0.1515,0.1515,0.2121,0.4697,0.3182,-11.25,4,242,0.1017,193,132.84,147.0,195.82,-24.93,-9.63,-32.16,4.86,123.12,149.64,1.73,5,False,False,False,True,True,True,True,True,False,Bull regime; 20-day return ≥ +6%; SMA50 > SMA200
2026-09-29,CBRE,CBRE Group,Bear,0.1515,0.1515,0.3636,0.3939,0.2424,-10.83,15,279,0.1176,223,130.84,144.44,145.6,-0.8,-9.42,-10.14,4.18,122.47,145.29,1.73,5,False,False,False,True,True,True,True,True,False,Bull regime; 20-day return ≥ +6%; SMA50 > SMA200
2026-09-29,EQT,EQT Corporation,Bear,0.1513,0.1513,0.479,0.3361,0.1849,-10.29,10,585,0.0891,468,48.88,52.98,55.59,-4.69,-7.75,-12.07,1.39,46.1,53.68,1.73,5,False,False,False,True,True,True,True,True,False,Bull regime; 20-day return ≥ +6%; SMA50 > SMA200
2026-09-29,DTE,DTE Energy,Bear,0.1509,0.1509,0.6226,0.2642,0.1132,-10.27,13,813,0.0909,650,122.39,136.32,141.04,-3.35,-10.22,-13.23,2.3,117.79,130.33,1.73,5,False,False,False,True,True,True,True,True,False,Bull regime; 20-day return ≥ +6%; SMA50 > SMA200
2026-09-29,PEG,Public Service Enterprise Group,Bear,0.1507,0.1507,0.6027,0.274,0.1233,-8.02,6,588,0.1481,470,67.68,73.8,79.05,-6.64,-8.3,-14.38,1.17,65.33,71.73,1.73,5,False,False,False,True,True,True,True,True,False,Bull regime; 20-day return ≥ +6%; SMA50 > SMA200
2026-09-29,PAYX,Paychex,Bear,0.1495,0.1495,0.4953,0.3271,0.1776,-24.86,9,541,0.1786,433,99.31,117.75,104.04,13.17,-15.66,-4.55,3.16,92.98,110.22,1.72,5,False,False,False,True,False,True,True,True,True,Bull regime; 20-day return ≥ +6%; Conviction ≥ 0.15
2026-09-29,IEX,IDEX Corporation,Sideways,0.1481,0.1481,0.5926,0.2778,0.1296,0.78,6,468,0.13,374,230.43,229.33,210.14,9.13,0.48,9.66,4.6,221.23,246.28,1.72,5,False,False,False,True,False,True,True,True,True,Bull regime; 20-day return ≥ +6%; Conviction ≥ 0.15
2026-09-29,MCK,McKesson Corporation,Sideways,0.1481,0.1481,0.4709,0.3386,0.1905,-2.34,17,400,0.1565,319,864.82,874.33,846.41,3.3,-1.09,2.18,21.06,822.69,937.37,1.72,5,False,False,False,True,False,True,True,True,True,Bull regime; 20-day return ≥ +6%; Conviction ≥ 0.15
2026-09-29,TDY,Teledyne Technologies,Sideways,0.1474,0.1474,0.4808,0.3333,0.1859,-1.21,8,336,0.1905,269,605.59,636.07,622.09,2.25,-4.79,-2.65,11.45,582.7,645.0,1.72,5,False,False,False,True,False,True,True,True,True,Bull regime; 20-day return ≥ +6%; Conviction ≥ 0.15
2026-09-29,CRL,Charles River Laboratories,Sideways,0.1456,0.1456,0.462,0.3418,0.1962,2.64,4,329,0.1148,263,295.96,271.97,208.54,30.42,8.82,41.92,10.0,275.96,330.33,1.72,5,False,False,False,True,False,True,True,True,True,Bull regime; 20-day return ≥ +6%; Conviction ≥ 0.15
2026-09-29,PYPL,PayPal,Sideways,0.1455,0.1455,0.3455,0.4,0.2545,2.3,2,140,0.0312,112,53.89,56.69,50.38,12.51,-4.93,6.96,1.67,50.54,59.64,1.72,5,False,False,False,True,False,True,True,True,True,Bull regime; 20-day return ≥ +6%; Conviction ≥ 0.15
2026-09-29,ARE,Alexandria Real Estate Equities,Bear,0.1452,0.1452,0.5,0.3226,0.1774,-5.66,2,368,0.2542,294,48.47,51.13,50.29,1.68,-5.21,-3.61,1.83,44.81,54.76,1.72,5,False,False,False,True,False,True,True,True,True,Bull regime; 20-day return ≥ +6%; Conviction ≥ 0.15
2026-09-29,EXPE,Expedia Group,Bear,0.1452,0.1452,0.371,0.3871,0.2419,-17.45,16,265,0.1579,212,266.33,297.87,260.32,14.43,-10.59,2.31,12.45,241.43,309.1,1.72,5,False,False,False,True,False,True,True,True,True,Bull regime; 20-day return ≥ +6%; Conviction ≥ 0.15
2026-09-29,MTB,M&T Bank,Bear,0.1444,0.1444,0.4333,0.3556,0.2111,-7.29,7,585,0.1579,468,217.5,240.46,223.71,7.49,-9.55,-2.78,4.31,208.88,232.3,1.72,5,False,False,False,True,False,True,True,True,True,Bull regime; 20-day return ≥ +6%; Conviction ≥ 0.15
2026-09-29,BKR,Baker Hughes,Bear,0.1429,0.1429,0.381,0.381,0.2381,-12.79,14,496,0.1389,396,55.92,60.67,59.23,2.44,-7.83,-5.58,1.61,52.69,61.45,1.71,5,False,False,False,True,False,True,True,True,True,Bull regime; 20-day return ≥ +6%; Conviction ≥ 0.15
2026-09-29,BALL,Ball Corporation,Bear,0.1407,0.1407,0.5037,0.3185,0.1778,-10.58,7,674,0.1739,539,56.65,62.11,59.97,3.57,-8.79,-5.53,1.27,54.1,61.01,1.71,5,False,False,False,True,False,True,True,True,True,Bull regime; 20-day return ≥ +6%; Conviction ≥ 0.15
2026-09-29,V,Visa Inc.,Sideways,0.14,0.14,0.6733,0.2333,0.0933,-3.62,4,232,0.2453,185,365.88,368.29,337.27,9.2,-0.65,8.48,5.76,354.36,385.57,1.71,5,False,False,False,True,False,True,True,True,True,Bull regime; 20-day return ≥ +6%; Conviction ≥ 0.15
2026-09-29,IP,International Paper,Bear,0.1399,0.1399,0.456,0.342,0.2021,-12.96,21,813,0.1576,650,33.32,38.56,38.11,1.2,-13.6,-12.56,1.2,30.91,37.44,1.71,5,False,False,False,True,False,True,True,True,True,Bull regime; 20-day return ≥ +6%; Conviction ≥ 0.15
2026-09-29,NTRS,Northern Trust,Bear,0.1386,0.1386,0.4455,0.3465,0.2079,-7.04,6,585,0.1398,468,172.94,183.03,162.34,12.75,-5.51,6.53,3.82,165.3,185.98,1.71,5,False,False,False,True,False,True,True,True,True,Bull regime; 20-day return ≥ +6%; Conviction ≥ 0.15
2026-09-29,JBHT,J.B. Hunt,Bear,0.1382,0.1382,0.4228,0.3577,0.2195,-14.66,10,538,0.1959,430,229.28,264.51,242.98,8.86,-13.32,-5.64,8.0,213.29,256.58,1.71,5,False,False,False,True,False,True,True,True,True,Bull regime; 20-day return ≥ +6%; Conviction ≥ 0.15
2026-09-29,LYB,LyondellBasell,Bear,0.1333,0.1333,0.4222,0.3556,0.2222,-11.21,3,205,0.0488,164,58.18,62.55,61.83,1.16,-6.98,-5.9,2.0,54.18,64.99,1.7,5,False,False,False,True,False,True,True,True,True,Bull regime; 20-day return ≥ +6%; Conviction ≥ 0.15
2026-09-29,BF-B,Brown–Forman,Sideways,0.1329,0.1329,0.6127,0.2601,0.1272,-1.06,3,585,0.1184,468,26.29,27.27,27.01,0.95,-3.59,-2.67,0.73,24.84,28.76,1.7,5,False,False,False,True,False,True,True,True,True,Bull regime; 20-day return ≥ +6%; Conviction ≥ 0.15
2026-09-29,TT,Trane Technologies,Sideways,0.1306,0.1306,0.512,0.3093,0.1787,2.49,3,585,0.1323,468,455.59,455.39,446.78,1.93,0.04,1.97,10.73,434.13,491.98,1.7,5,False,False,False,True,False,True,True,True,True,Bull regime; 20-day return ≥ +6%; Conviction ≥ 0.15
2026-09-29,DRI,Darden Restaurants,Bear,0.1304,0.1304,0.5217,0.3043,0.1739,-9.36,4,393,0.0704,314,195.11,211.61,203.85,3.81,-7.8,-4.29,5.54,184.02,213.91,1.7,5,False,False,False,True,False,True,True,True,True,Bull regime; 20-day return ≥ +6%; Conviction ≥ 0.15
2026-09-29,APD,Air Products,Bear,0.1296,0.1296,0.4815,0.3241,0.1944,-10.29,10,585,0.1915,468,279.19,296.94,285.2,4.12,-5.98,-2.11,5.48,268.23,297.76,1.69,5,False,False,False,True,False,True,True,True,True,Bull regime; 20-day return ≥ +6%; Conviction ≥ 0.15
2026-09-29,CVS,CVS Health,Bear,0.1286,0.1286,0.3571,0.3857,0.2571,-7.53,2,674,0.1163,539,87.1,96.27,87.6,9.9,-9.52,-0.57,2.25,82.59,94.73,1.69,5,False,False,False,True,False,True,True,True,True,Bull regime; 20-day return ≥ +6%; Conviction ≥ 0.15
2026-09-29,ZBH,Zimmer Biomet,Bear,0.127,0.127,0.4603,0.3333,0.2063,-9.1,7,315,0.2075,252,91.34,96.12,91.39,5.17,-4.98,-0.06,2.67,86.0,100.38,1.69,5,False,False,False,True,False,True,True,True,True,Bull regime; 20-day return ≥ +6%; Conviction ≥ 0.15
2026-09-29,WAB,Wabtec,Sideways,0.127,0.127,0.4815,0.3228,0.1958,1.84,9,392,0.1825,313,291.23,290.37,260.42,11.5,0.3,11.83,5.92,279.38,311.26,1.69,5,False,False,False,True,False,True,True,True,True,Bull regime; 20-day return ≥ +6%; Conviction ≥ 0.15
2026-09-29,AES,AES Corporation,Sideways,0.127,0.127,0.4709,0.328,0.2011,0.81,127,442,0.162,354,14.86,14.78,14.67,0.75,0.54,1.29,0.05,14.77,15.02,1.69,5,False,False,False,True,False,True,True,True,True,Bull regime; 20-day return ≥ +6%; Conviction ≥ 0.15
2026-09-29,ROP,Roper Technologies,Bear,0.1268,0.1268,0.3944,0.3662,0.2394,-19.49,9,434,0.0909,347,349.45,390.38,370.5,5.37,-10.49,-5.68,9.73,329.99,382.35,1.69,5,False,False,False,True,False,True,True,True,True,Bull regime; 20-day return ≥ +6%; Conviction ≥ 0.15
2026-09-29,GPC,Genuine Parts Company,Bear,0.1264,0.1264,0.5517,0.2874,0.1609,-6.64,5,585,0.2368,468,126.95,131.63,120.02,9.67,-3.55,5.78,3.08,120.79,137.36,1.69,5,False,False,False,True,False,True,True,True,True,Bull regime; 20-day return ≥ +6%; Conviction ≥ 0.15
2026-09-29,VZ,Verizon,Bear,0.125,0.125,0.6,0.2625,0.1375,-8.42,2,538,0.0864,430,45.98,48.2,46.34,4.03,-4.61,-0.77,1.0,43.98,49.35,1.69,5,False,False,False,True,False,True,True,True,True,Bull regime; 20-day return ≥ +6%; Conviction ≥ 0.15
2026-09-29,EQIX,Equinix,Sideways,0.1241,0.1241,0.4818,0.3212,0.1971,-3.05,2,327,0.0991,261,1015.27,1044.64,983.6,6.21,-2.81,3.22,27.02,961.23,1106.4,1.69,5,False,False,False,True,False,True,True,True,True,Bull regime; 20-day return ≥ +6%; Conviction ≥ 0.15
2026-09-29,EME,Emcor,Sideways,0.1237,0.1237,0.4677,0.328,0.2043,3.67,8,398,0.1439,318,762.03,771.41,770.6,0.1,-1.22,-1.11,23.7,714.63,841.93,1.69,5,False,False,False,True,False,True,True,True,True,Bull regime; 20-day return ≥ +6%; Conviction ≥ 0.15
2026-09-29,TTWO,Take-Two Interactive,Bear,0.1236,0.1236,0.2921,0.4157,0.2921,-8.01,21,369,0.1205,295,202.78,227.92,225.14,1.24,-11.03,-9.93,6.66,189.45,225.24,1.69,5,False,False,False,True,False,True,True,True,True,Bull regime; 20-day return ≥ +6%; Conviction ≥ 0.15
2026-09-29,ROST,Ross Stores,Sideways,0.1233,0.1233,0.4292,0.347,0.2237,2.53,9,517,0.2053,413,234.4,237.97,217.14,9.6,-1.5,7.95,5.06,224.28,251.46,1.68,5,False,False,False,True,False,True,True,True,True,Bull regime; 20-day return ≥ +6%; Conviction ≥ 0.15
2026-09-29,SCHW,Charles Schwab Corporation,Bear,0.1212,0.1212,0.3485,0.3864,0.2652,-10.27,6,490,0.1389,392,99.1,106.51,98.32,8.34,-6.96,0.8,2.32,94.46,106.9,1.68,5,False,False,False,True,False,True,True,True,True,Bull regime; 20-day return ≥ +6%; Conviction ≥ 0.15
2026-09-29,NWSA,News Corp (Class A),Bear,0.1212,0.1212,0.6364,0.2424,0.1212,-7.4,6,165,0.0312,132,28.52,29.25,26.52,10.27,-2.48,7.54,0.74,27.05,31.0,1.68,5,False,False,False,True,False,True,True,True,True,Bull regime; 20-day return ≥ +6%; Conviction ≥ 0.15
2026-09-29,AJG,Arthur J. Gallagher & Co.,Bear,0.12,0.12,0.56,0.28,0.16,-14.07,9,531,0.2154,425,227.75,250.66,233.32,7.43,-9.14,-2.39,6.58,214.59,249.87,1.68,5,False,False,False,True,False,True,True,True,True,Bull regime; 20-day return ≥ +6%; Conviction ≥ 0.15
2026-09-29,MAS,Masco,Bear,0.12,0.12,0.448,0.336,0.216,-5.4,5,585,0.2035,468,68.37,72.75,70.07,3.82,-6.02,-2.43,1.82,64.74,74.47,1.68,5,False,False,False,True,False,True,True,True,True,Bull regime; 20-day return ≥ +6%; Conviction ≥ 0.15
2026-09-29,HIG,Hartford (The),Bear,0.12,0.12,0.4267,0.3467,0.2267,-8.77,6,386,0.0345,308,125.85,137.33,136.07,0.92,-8.36,-7.51,2.31,121.23,133.62,1.68,5,False,False,False,True,False,True,True,True,True,Bull regime; 20-day return ≥ +6%; Conviction ≥ 0.15
2026-09-29,DLTR,Dollar Tree,Bear,0.1176,0.1176,0.3647,0.3765,0.2588,-11.09,15,396,0.2468,316,113.3,124.56,117.54,5.97,-9.04,-3.6,4.13,105.04,127.15,1.68,5,False,False,False,True,False,True,True,True,True,Bull regime; 20-day return ≥ +6%; Conviction ≥ 0.15
2026-09-29,PNC,PNC Financial Services,Bear,0.1171,0.1171,0.4324,0.3423,0.2252,-7.8,6,640,0.1939,511,221.65,243.81,227.93,6.97,-9.09,-2.76,4.54,212.58,236.85,1.68,5,False,False,False,True,False,True,True,True,True,Bull regime; 20-day return ≥ +6%; Conviction ≥ 0.15
2026-09-29,LYV,Live Nation Entertainment,Bear,0.1167,0.1167,0.3167,0.4,0.2833,-5.02,9,260,0.0833,207,171.09,177.78,163.4,8.8,-3.76,4.7,3.83,163.42,183.94,1.68,5,False,False,False,True,False,True,True,True,True,Bull regime; 20-day return ≥ +6%; Conviction ≥ 0.15
2026-09-29,ACGL,Arch Capital Group,Sideways,0.1165,0.1165,0.6586,0.2289,0.1124,-3.05,3,389,0.2444,311,95.12,98.59,96.38,2.29,-3.52,-1.31,1.79,91.54,101.12,1.67,5,False,False,False,True,False,True,True,True,True,Bull regime; 20-day return ≥ +6%; Conviction ≥ 0.15
2026-09-29,C,Citigroup,Sideways,0.1158,0.1158,0.537,0.2894,0.1736,-0.62,30,625,0.0938,500,130.8,134.17,125.63,6.8,-2.51,4.12,3.31,124.18,141.88,1.67,5,False,False,False,True,False,True,True,True,True,Bull regime; 20-day return ≥ +6%; Conviction ≥ 0.15
2026-09-29,MDT,Medtronic,Sideways,0.1152,0.1152,0.5394,0.2879,0.1727,-4.01,16,672,0.1271,537,87.09,89.66,88.84,0.92,-2.87,-1.97,2.14,82.81,94.26,1.67,5,False,False,False,True,False,True,True,True,True,Bull regime; 20-day return ≥ +6%; Conviction ≥ 0.15
2026-09-29,STLD,Steel Dynamics,Sideways,0.1148,0.1148,0.3443,0.3852,0.2705,-4.72,7,374,0.1059,299,221.9,243.54,216.04,12.73,-8.88,2.71,7.85,206.19,248.17,1.67,5,False,False,False,True,False,True,True,True,True,Bull regime; 20-day return ≥ +6%; Conviction ≥ 0.15
2026-09-29,SYF,Synchrony Financial,Bear,0.1143,0.1143,0.3143,0.4,0.2857,-7.21,7,151,0.1333,121,71.72,76.76,74.86,2.54,-6.56,-4.19,1.96,67.8,78.27,1.67,5,False,False,False,True,False,True,True,True,True,Bull regime; 20-day return ≥ +6%; Conviction ≥ 0.15
2026-09-29,EBAY,eBay Inc.,Sideways,0.1133,0.1133,0.4467,0.3333,0.22,1.58,2,351,0.1622,280,105.21,107.62,100.72,6.85,-2.24,4.46,3.33,98.55,116.33,1.67,5,False,False,False,True,False,True,True,True,True,Bull regime; 20-day return ≥ +6%; Conviction ≥ 0.15
2026-09-29,JPM,JPMorgan Chase,Bear,0.112,0.112,0.44,0.336,0.224,-6.09,2,585,0.1442,468,334.98,353.18,321.56,9.83,-5.15,4.17,6.57,321.83,356.91,1.67,5,False,False,False,True,False,True,True,True,True,Bull regime; 20-day return ≥ +6%; Conviction ≥ 0.15
2026-09-29,GOOGL,Alphabet Inc. (Class A),Sideways,0.1119,0.1119,0.5149,0.2985,0.1866,0.46,15,277,0.2088,221,340.92,343.99,338.44,1.64,-0.89,0.73,8.21,324.5,368.3,1.67,5,False,False,False,True,False,True,True,True,True,Bull regime; 20-day return ≥ +6%; Conviction ≥ 0.15
2026-09-29,SYY,Sysco,Sideways,0.1117,0.1117,0.6214,0.2451,0.1335,-3.25,3,672,0.1731,537,78.49,82.04,79.8,2.81,-4.33,-1.64,1.61,75.27,83.86,1.67,5,False,False,False,True,False,True,True,True,True,Bull regime; 20-day return ≥ +6%; Conviction ≥ 0.15
2026-09-29,OKE,Oneok,Bear,0.1091,0.1091,0.4,0.3545,0.2455,-10.02,3,578,0.1222,462,86.86,92.53,86.54,6.92,-6.12,0.37,2.43,82.0,94.95,1.66,5,False,False,False,True,False,True,True,True,True,Bull regime; 20-day return ≥ +6%; Conviction ≥ 0.15
2026-09-29,CTAS,Cintas,Sideways,0.108,0.108,0.6204,0.2438,0.1358,-2.03,4,542,0.133,433,197.74,202.11,187.99,7.51,-2.16,5.19,4.08,189.59,211.29,1.66,5,False,False,False,True,False,True,True,True,True,Bull regime; 20-day return ≥ +6%; Conviction ≥ 0.15
2026-09-29,EG,Everest Group,Sideways,0.1079,0.1079,0.6515,0.2282,0.1203,-1.57,24,388,0.1082,310,368.81,374.49,347.68,7.71,-1.52,6.08,7.11,354.6,392.43,1.66,5,False,False,False,True,False,True,True,True,True,Bull regime; 20-day return ≥ +6%; Conviction ≥ 0.15
2026-09-29,RJF,Raymond James Financial,Bear,0.1066,0.1066,0.4508,0.3279,0.2213,-10.85,7,543,0.1683,434,159.85,173.02,160.96,7.49,-7.61,-0.69,3.82,152.2,172.54,1.66,5,False,False,False,True,False,True,True,True,True,Bull regime; 20-day return ≥ +6%; Conviction ≥ 0.15
2026-09-29,PGR,Progressive Corporation,Sideways,0.1065,0.1065,0.5361,0.2852,0.1787,-3.53,2,585,0.3409,468,210.52,214.14,209.54,2.2,-1.69,0.47,4.66,201.21,225.98,1.66,5,False,False,False,True,False,True,True,True,True,Bull regime; 20-day return ≥ +6%; Conviction ≥ 0.15
2026-09-29,TGT,Target Corporation,Sideways,0.1057,0.1057,0.4894,0.3082,0.2024,-2.81,2,674,0.1789,539,156.43,154.51,127.92,20.78,1.24,22.29,3.96,148.5,169.58,1.66,5,False,False,False,True,False,True,True,True,True,Bull regime; 20-day return ≥ +6%; Conviction ≥ 0.15
2026-09-29,SWK,Stanley Black & Decker,Bear,0.1057,0.1057,0.439,0.3333,0.2276,-8.19,17,585,0.0917,468,88.79,95.26,83.6,13.95,-6.79,6.21,2.7,83.39,97.74,1.66,5,False,False,False,True,False,True,True,True,True,Bull regime; 20-day return ≥ +6%; Conviction ≥ 0.15
2026-09-29,GOOG,Alphabet Inc. (Class C),Sideways,0.1045,0.1045,0.5224,0.291,0.1866,0.57,15,277,0.1778,221,337.32,341.58,336.98,1.37,-1.25,0.1,7.95,321.42,363.66,1.66,5,False,False,False,True,False,True,True,True,True,Bull regime; 20-day return ≥ +6%; Conviction ≥ 0.15
2026-09-29,TFC,Truist Financial,Bear,0.1042,0.1042,0.4583,0.3229,0.2188,-6.54,6,585,0.1707,468,46.44,50.69,49.85,1.69,-8.39,-6.84,1.02,44.41,49.8,1.66,5,False,False,False,True,False,True,True,True,True,Bull regime; 20-day return ≥ +6%; Conviction ≥ 0.15
2026-09-29,BRK-B,Berkshire Hathaway,Sideways,0.1038,0.1038,0.7346,0.1846,0.0808,-0.33,34,381,0.0826,304,502.35,506.76,492.77,2.84,-0.87,1.94,5.98,490.4,522.14,1.66,5,False,False,False,True,False,True,True,True,True,Bull regime; 20-day return ≥ +6%; Conviction ≥ 0.15
2026-09-29,PKG,Packaging Corporation of America,Sideways,0.1023,0.1023,0.5,0.3011,0.1989,-0.28,6,334,0.0678,267,233.28,243.01,226.11,7.48,-4.01,3.17,5.26,222.76,250.68,1.65,5,False,False,False,True,False,True,True,True,True,Bull regime; 20-day return ≥ +6%; Conviction ≥ 0.15
2026-09-29,ELV,Elevance Health,Sideways,0.1018,0.1018,0.5509,0.2754,0.1737,0.05,10,312,0.0431,249,392.73,397.32,365.42,8.73,-1.15,7.48,9.45,373.83,423.96,1.65,5,False,False,False,True,False,True,True,True,True,Bull regime; 20-day return ≥ +6%; Conviction ≥ 0.15
2026-09-29,AFL,Aflac,Sideways,0.1,0.1,0.5667,0.2667,0.1667,-1.91,13,585,0.119,468,113.66,119.53,115.02,3.93,-4.91,-1.18,1.78,110.1,119.54,1.65,5,False,False,False,True,False,True,True,True,True,Bull regime; 20-day return ≥ +6%; Conviction ≥ 0.15
2026-09-29,ROK,Rockwell Automation,Sideways,0.1,0.1,0.5143,0.2929,0.1929,1.66,8,562,0.1111,450,431.53,438.83,423.25,3.68,-1.66,1.96,10.01,411.52,464.55,1.65,5,False,False,False,True,False,True,True,True,True,Bull regime; 20-day return ≥ +6%; Conviction ≥ 0.15
2026-09-29,MO,Altria,Sideways,0.0994,0.0994,0.6066,0.2464,0.147,0.35,8,813,0.0526,650,68.72,68.74,67.24,2.24,-0.03,2.2,1.31,66.1,73.05,1.65,5,False,False,False,True,False,True,True,True,True,Bull regime; 20-day return ≥ +6%; Conviction ≥ 0.15
2026-09-29,TROW,T. Rowe Price,Bear,0.0991,0.0991,0.4324,0.3333,0.2342,-6.28,11,509,0.0808,407,104.51,110.78,103.87,6.64,-5.66,0.61,2.14,100.23,111.57,1.65,5,False,False,False,True,False,True,True,True,True,Bull regime; 20-day return ≥ +6%; Conviction ≥ 0.15
2026-09-29,NSC,Norfolk Southern,Bear,0.0991,0.0991,0.4324,0.3333,0.2342,-9.09,11,557,0.0581,445,313.0,332.73,311.19,6.92,-5.93,0.58,5.14,302.71,329.96,1.65,5,False,False,False,True,False,True,True,True,True,Bull regime; 20-day return ≥ +6%; Conviction ≥ 0.15
2026-09-29,PRU,Prudential Financial,Sideways,0.0989,0.0989,0.5824,0.2582,0.1593,-2.18,9,310,0.24,248,115.06,120.42,108.77,10.71,-4.45,5.78,2.43,110.19,123.08,1.65,5,False,False,False,True,False,True,True,True,True,Bull regime; 20-day return ≥ +6%; Conviction ≥ 0.15
2026-09-29,GEN,Gen Digital,Bear,0.0984,0.0984,0.4098,0.3443,0.2459,-39.66,6,468,0.0893,374,20.85,28.2,24.68,14.26,-26.08,-15.53,1.27,18.31,25.04,1.65,5,False,False,False,True,False,True,True,True,True,Bull regime; 20-day return ≥ +6%; Conviction ≥ 0.15
2026-09-29,NXPI,NXP Semiconductors,Bull,0.0972,0.0972,0.4306,0.3333,0.2361,5.13,3,202,0.0943,161,236.47,234.82,245.56,-4.37,0.7,-3.7,7.44,221.59,260.97,1.65,5,False,True,False,True,False,True,True,True,False,20-day return ≥ +6%; Conviction ≥ 0.15; SMA50 > SMA200
2026-09-29,NWS,News Corp (Class B),Bear,0.0968,0.0968,0.5806,0.2581,0.1613,-8.84,7,165,0.1471,132,31.5,32.93,30.15,9.23,-4.33,4.49,0.8,29.89,34.14,1.65,5,False,False,False,True,False,True,True,True,True,Bull regime; 20-day return ≥ +6%; Conviction ≥ 0.15
2026-09-29,AMP,Ameriprise Financial,Bear,0.0962,0.0962,0.3269,0.3846,0.2885,-10.63,6,263,0.2889,210,497.32,545.42,493.15,10.6,-8.82,0.85,14.27,468.78,544.24,1.64,5,False,False,False,True,False,True,True,True,True,Bull regime; 20-day return ≥ +6%; Conviction ≥ 0.15
2026-09-29,SHW,Sherwin-Williams,Sideways,0.0957,0.0957,0.5772,0.2593,0.1636,-2.5,3,585,0.0873,468,330.44,338.71,333.36,1.61,-2.44,-0.88,7.93,314.59,356.49,1.64,5,False,False,False,True,False,True,True,True,True,Bull regime; 20-day return ≥ +6%; Conviction ≥ 0.15
2026-09-29,BKNG,Booking Holdings,Bear,0.0952,0.0952,0.2619,0.4167,0.3214,-20.41,18,344,0.0921,275,162.34,190.55,183.44,3.88,-14.8,-11.5,6.31,149.72,183.08,1.64,5,False,False,False,True,False,True,True,True,True,Bull regime; 20-day return ≥ +6%; Conviction ≥ 0.15
2026-09-29,GDDY,GoDaddy,Sideways,0.0952,0.0952,0.4603,0.3175,0.2222,-3.98,3,143,0.0345,114,94.06,96.26,93.84,2.57,-2.28,0.23,5.15,83.75,110.99,1.64,5,False,False,False,True,False,True,True,True,True,Bull regime; 20-day return ≥ +6%; Conviction ≥ 0.15
2026-09-29,DVA,DaVita,Sideways,0.095,0.095,0.585,0.255,0.16,-0.47,9,387,0.093,310,175.19,192.94,169.23,14.01,-9.2,3.52,5.49,164.2,193.23,1.64,5,False,False,False,True,False,True,True,True,True,Bull regime; 20-day return ≥ +6%; Conviction ≥ 0.15
2026-09-29,AON,Aon plc,Bear,0.0947,0.0947,0.4211,0.3368,0.2421,-15.3,21,582,0.1026,466,275.9,334.03,332.98,0.32,-17.4,-17.14,8.2,259.5,302.83,1.64,5,False,False,False,True,False,True,True,True,True,Bull regime; 20-day return ≥ +6%; Conviction ≥ 0.15
2026-09-29,UNH,UnitedHealth Group,Sideways,0.0943,0.0943,0.5509,0.2717,0.1774,-3.79,3,527,0.2527,421,374.94,397.48,355.93,11.67,-5.67,5.34,8.54,357.85,402.99,1.64,5,False,False,False,True,False,True,True,True,True,Bull regime; 20-day return ≥ +6%; Conviction ≥ 0.15
2026-09-29,KDP,Keurig Dr Pepper,Sideways,0.0915,0.0915,0.6601,0.2157,0.1242,-2.64,13,230,0.0833,184,31.03,31.22,29.41,6.16,-0.61,5.51,0.79,29.45,33.62,1.64,5,False,False,False,True,False,True,True,True,True,Bull regime; 20-day return ≥ +6%; Conviction ≥ 0.15
2026-09-29,JNJ,Johnson & Johnson,Sideways,0.0909,0.0909,0.6742,0.2083,0.1174,0.64,16,813,0.1117,650,267.57,265.72,240.99,10.26,0.7,11.03,5.21,257.16,284.61,1.64,5,False,False,False,True,False,True,True,True,True,Bull regime; 20-day return ≥ +6%; Conviction ≥ 0.15
2026-09-29,EXPD,Expeditors International,Sideways,0.0902,0.0902,0.5263,0.282,0.1917,-0.79,14,528,0.0933,422,188.16,184.23,162.18,13.6,2.14,16.02,3.85,180.47,200.74,1.64,5,False,False,False,True,False,True,True,True,True,Bull regime; 20-day return ≥ +6%; Conviction ≥ 0.15
2026-09-29,KMB,Kimberly-Clark,Bear,0.0864,0.0864,0.6667,0.2099,0.1235,-8.66,15,585,0.0946,468,98.99,105.97,102.73,3.16,-6.59,-3.64,2.09,94.81,105.79,1.63,5,False,False,False,True,False,True,True,True,True,Bull regime; 20-day return ≥ +6%; Conviction ≥ 0.15
2026-09-29,SLB,Schlumberger,Bear,0.0863,0.0863,0.4388,0.3237,0.2374,-18.66,3,562,0.0168,450,49.87,52.82,50.35,4.91,-5.59,-0.96,1.75,46.37,55.57,1.63,5,False,False,False,True,False,True,True,True,True,Bull regime; 20-day return ≥ +6%; Conviction ≥ 0.15
2026-09-29,WFC,Wells Fargo,Bear,0.0857,0.0857,0.4286,0.3286,0.2429,-7.09,2,683,0.22,546,80.48,86.56,84.94,1.92,-7.03,-5.25,1.96,76.55,86.88,1.63,5,False,False,False,True,False,True,True,True,True,Bull regime; 20-day return ≥ +6%; Conviction ≥ 0.15
2026-09-29,WRB,W. R. Berkley Corporation,Sideways,0.0847,0.0847,0.6085,0.2381,0.1534,0.97,18,666,0.0941,532,68.22,70.34,68.91,2.09,-3.02,-1.0,1.3,65.62,72.45,1.63,5,False,False,False,True,False,True,True,True,True,Bull regime; 20-day return ≥ +6%; Conviction ≥ 0.15
2026-09-29,KO,Coca-Cola Company (The),Sideways,0.0841,0.0841,0.6892,0.1974,0.1133,-2.09,25,813,0.0761,650,86.84,87.69,79.78,9.92,-0.97,8.86,1.23,84.38,90.85,1.63,5,False,False,False,True,False,True,True,True,True,Bull regime; 20-day return ≥ +6%; Conviction ≥ 0.15
2026-09-29,WELL,Welltower,Sideways,0.0831,0.0831,0.6595,0.2118,0.1287,-1.42,26,585,0.1185,468,232.9,236.73,213.47,10.9,-1.62,9.1,4.85,223.2,248.67,1.62,5,False,False,False,True,False,True,True,True,True,Bull regime; 20-day return ≥ +6%; Conviction ≥ 0.15
2026-09-29,GWW,W. W. Grainger,Sideways,0.0824,0.0824,0.5714,0.2555,0.1731,-4.76,2,674,0.1579,539,1248.67,1308.04,1202.94,8.74,-4.54,3.8,25.25,1198.17,1330.67,1.62,5,False,False,False,True,False,True,True,True,True,Bull regime; 20-day return ≥ +6%; Conviction ≥ 0.15
2026-09-29,ODFL,Old Dominion,Bear,0.0818,0.0818,0.3727,0.3545,0.2727,-11.94,38,438,0.2222,350,177.46,199.9,199.52,0.19,-11.22,-11.06,5.27,166.91,194.58,1.62,5,False,False,False,True,False,True,True,True,True,Bull regime; 20-day return ≥ +6%; Conviction ≥ 0.15
2026-09-29,BIIB,Biogen,Sideways,0.0818,0.0818,0.4151,0.3333,0.2516,4.7,16,440,0.0968,351,227.07,213.95,194.46,10.02,6.13,16.77,5.67,215.73,245.47,1.62,5,False,False,False,True,False,True,True,True,True,Bull regime; 20-day return ≥ +6%; Conviction ≥ 0.15
2026-09-29,CB,Chubb Limited,Sideways,0.0817,0.0817,0.6537,0.214,0.1323,-1.94,23,420,0.082,336,332.08,344.07,329.64,4.38,-3.49,0.74,4.93,322.22,348.08,1.62,5,False,False,False,True,False,True,True,True,True,Bull regime; 20-day return ≥ +6%; Conviction ≥ 0.15
2026-09-29,APA,APA Corporation,Sideways,0.0783,0.0783,0.4261,0.3261,0.2478,-2.25,3,596,0.1037,476,42.19,41.18,35.08,17.37,2.46,20.27,1.5,39.19,47.04,1.62,5,False,False,False,True,False,True,True,True,True,Bull regime; 20-day return ≥ +6%; Conviction ≥ 0.15
2026-09-29,BX,Blackstone Inc.,Bear,0.0781,0.0781,0.3906,0.3438,0.2656,-22.83,16,241,0.0185,192,114.0,133.15,129.0,3.22,-14.38,-11.63,3.84,106.32,126.41,1.62,5,False,False,False,True,False,True,True,True,True,Bull regime; 20-day return ≥ +6%; Conviction ≥ 0.15
2026-09-29,GRMN,Garmin,Sideways,0.078,0.078,0.4823,0.2979,0.2199,2.13,6,323,0.1776,258,290.23,285.22,245.2,16.32,1.75,18.36,7.1,276.04,313.18,1.62,5,False,False,False,True,False,True,True,True,True,Bull regime; 20-day return ≥ +6%; Conviction ≥ 0.15
2026-09-29,CNC,Centene Corporation,Sideways,0.0755,0.0755,0.4151,0.3302,0.2547,-3.37,2,310,0.1791,248,62.21,64.93,52.47,23.76,-4.19,18.57,2.16,57.9,69.17,1.61,5,False,False,False,True,False,True,True,True,True,Bull regime; 20-day return ≥ +6%; Conviction ≥ 0.15
2026-09-29,PSX,Phillips 66,Sideways,0.0753,0.0753,0.5591,0.2581,0.1828,2.27,2,180,0.1132,144,252.25,237.58,182.23,30.37,6.18,38.43,8.29,235.67,278.99,1.61,5,False,False,False,True,False,True,True,True,True,Bull regime; 20-day return ≥ +6%; Conviction ≥ 0.15
2026-09-29,J,Jacobs Solutions,Bear,0.0752,0.0752,0.4887,0.2932,0.218,-8.81,6,585,0.0926,468,136.48,142.8,133.09,7.3,-4.42,2.55,3.47,129.53,147.69,1.61,5,False,False,False,True,False,True,True,True,True,Bull regime; 20-day return ≥ +6%; Conviction ≥ 0.15
2026-09-29,XYZ,"Block, Inc.",Bear,0.0732,0.0732,0.2927,0.3902,0.3171,-10.22,5,135,0.1562,108,74.05,79.91,69.99,14.18,-7.34,5.8,2.44,69.16,81.91,1.61,5,False,False,False,True,False,True,True,True,True,Bull regime; 20-day return ≥ +6%; Conviction ≥ 0.15
2026-09-29,NDAQ,"Nasdaq, Inc.",Bear,0.0727,0.0727,0.3455,0.3636,0.2909,-7.1,4,304,0.1087,243,91.85,94.87,90.69,4.61,-3.19,1.28,2.17,87.51,98.84,1.61,5,False,False,False,True,False,True,True,True,True,Bull regime; 20-day return ≥ +6%; Conviction ≥ 0.15
2026-09-29,EOG,EOG Resources,Sideways,0.0725,0.0725,0.3679,0.3523,0.2798,-3.72,5,464,0.1121,371,139.66,144.59,131.53,9.93,-3.41,6.18,3.55,132.55,151.1,1.61,5,False,False,False,True,False,True,True,True,True,Bull regime; 20-day return ≥ +6%; Conviction ≥ 0.15
2026-09-29,BRO,Brown & Brown,Bear,0.0723,0.0723,0.5422,0.2651,0.1928,-17.47,10,573,0.013,458,60.6,68.95,68.23,1.04,-12.11,-11.19,1.82,56.95,66.46,1.61,5,False,False,False,True,False,True,True,True,True,Bull regime; 20-day return ≥ +6%; Conviction ≥ 0.15
2026-09-29,COHR,Coherent Corp.,Bull,0.0718,0.0718,0.3094,0.3812,0.3094,5.05,1,490,0.1139,391,292.21,297.0,287.08,3.46,-1.61,1.79,20.41,251.39,357.83,1.61,5,False,True,False,False,False,True,True,True,True,20-day return ≥ +6%; Regime held ≥ 2 bars; Conviction ≥ 0.15
2026-09-29,ITW,Illinois Tool Works,Sideways,0.0718,0.0718,0.6213,0.2252,0.1535,-3.06,6,674,0.1881,539,267.07,279.6,268.66,4.07,-4.48,-0.59,4.93,257.21,282.92,1.61,5,False,False,False,True,False,True,True,True,True,Bull regime; 20-day return ≥ +6%; Conviction ≥ 0.15
2026-09-29,NDSN,Nordson Corporation,Sideways,0.071,0.071,0.5677,0.2516,0.1806,2.4,6,585,0.1209,468,329.53,313.09,285.75,9.57,5.25,15.32,6.37,316.8,349.98,1.61,5,False,False,False,True,False,True,True,True,True,Bull regime; 20-day return ≥ +6%; Conviction ≥ 0.15
2026-09-29,MGM,MGM Resorts,Bear,0.0704,0.0704,0.338,0.3662,0.2958,-27.17,26,482,0.0081,385,31.52,41.87,39.85,5.06,-24.72,-20.9,1.22,29.08,35.44,1.61,5,False,False,False,True,False,True,True,True,True,Bull regime; 20-day return ≥ +6%; Conviction ≥ 0.15
2026-09-29,FLEX,Flex Ltd.,Sideways,0.0694,0.0694,0.4028,0.3333,0.2639,4.11,5,408,0.0866,326,113.83,114.96,98.95,16.17,-0.98,15.03,5.42,103.0,131.2,1.6,5,False,False,False,True,False,True,True,True,True,Bull regime; 20-day return ≥ +6%; Conviction ≥ 0.15
2026-09-29,WSM,"Williams-Sonoma, Inc.",Sideways,0.0684,0.0684,0.3737,0.3474,0.2789,0.75,7,543,0.0748,434,229.96,233.03,208.19,11.93,-1.32,10.45,6.8,216.37,251.74,1.6,5,False,False,False,True,False,True,True,True,True,Bull regime; 20-day return ≥ +6%; Conviction ≥ 0.15
2026-09-29,LLY,Lilly (Eli),Sideways,0.0682,0.0682,0.5696,0.2493,0.1811,2.38,4,683,0.2069,546,1184.63,1178.28,1072.06,9.91,0.54,10.5,31.2,1122.24,1284.61,1.6,5,False,False,False,True,False,True,True,True,True,Bull regime; 20-day return ≥ +6%; Conviction ≥ 0.15
2026-09-29,GILD,Gilead Sciences,Sideways,0.0676,0.0676,0.4976,0.285,0.2174,3.32,10,435,0.1467,348,151.28,142.2,136.31,4.32,6.39,10.98,3.59,144.1,162.77,1.6,5,False,False,False,True,False,True,True,True,True,Bull regime; 20-day return ≥ +6%; Conviction ≥ 0.15
2026-09-29,ESS,Essex Property Trust,Sideways,0.0674,0.0674,0.6554,0.206,0.1386,-3.24,3,405,0.2807,324,273.93,282.27,268.24,5.23,-2.96,2.12,4.42,265.09,288.08,1.6,5,False,False,False,True,False,True,True,True,True,Bull regime; 20-day return ≥ +6%; Conviction ≥ 0.15
2026-09-29,BXP,"BXP, Inc.",Bear,0.0667,0.0667,0.48,0.2933,0.2267,-9.69,9,367,0.1296,293,61.71,67.22,63.03,6.65,-8.2,-2.09,1.5,58.72,66.5,1.6,5,False,False,False,True,False,True,True,True,True,Bull regime; 20-day return ≥ +6%; Conviction ≥ 0.15
2026-09-29,ECL,Ecolab,Sideways,0.066,0.066,0.6193,0.2234,0.1574,-1.9,3,674,0.1336,539,277.87,278.39,273.67,1.73,-0.19,1.54,5.21,267.46,294.52,1.6,5,False,False,False,True,False,True,True,True,True,Bull regime; 20-day return ≥ +6%; Conviction ≥ 0.15
2026-09-29,GD,General Dynamics,Bear,0.0659,0.0659,0.3952,0.3353,0.2695,-11.1,19,813,0.02,650,332.34,372.07,355.34,4.71,-10.68,-6.47,6.57,319.19,353.36,1.6,5,False,False,False,True,False,True,True,True,True,Bull regime; 20-day return ≥ +6%; Conviction ≥ 0.15
2026-09-29,MRK,Merck & Co.,Sideways,0.0658,0.0658,0.586,0.2399,0.1741,1.02,4,813,0.1003,650,149.28,141.3,122.19,15.65,5.64,22.17,3.6,142.08,160.79,1.6,5,False,False,False,True,False,True,True,True,True,Bull regime; 20-day return ≥ +6%; Conviction ≥ 0.15
2026-09-29,HUM,Humana,Sideways,0.0656,0.0656,0.459,0.3033,0.2377,0.95,12,562,0.1243,450,386.87,386.3,291.55,32.5,0.15,32.69,13.74,359.39,430.79,1.6,5,False,False,False,True,False,True,True,True,True,Bull regime; 20-day return ≥ +6%; Conviction ≥ 0.15
2026-09-29,PFG,Principal Financial Group,Sideways,0.0651,0.0651,0.5917,0.2367,0.1716,3.4,6,312,0.1138,249,113.97,113.52,101.29,12.07,0.4,12.52,2.55,108.86,122.13,1.6,5,False,False,False,True,False,True,True,True,True,Bull regime; 20-day return ≥ +6%; Conviction ≥ 0.15
2026-09-29,EMR,Emerson Electric,Sideways,0.0636,0.0636,0.5892,0.2372,0.1736,3.1,8,683,0.0619,546,157.24,153.62,144.32,6.44,2.36,8.96,3.69,149.85,169.03,1.6,5,False,False,False,True,False,True,True,True,True,Bull regime; 20-day return ≥ +6%; Conviction ≥ 0.15
2026-09-29,PH,Parker Hannifin,Sideways,0.0632,0.0632,0.4877,0.2877,0.2246,-0.93,3,585,0.0294,468,970.37,988.65,943.77,4.76,-1.85,2.82,21.33,927.71,1038.4,1.59,5,False,False,False,True,False,True,True,True,True,Bull regime; 20-day return ≥ +6%; Conviction ≥ 0.15
2026-09-29,MMM,3M,Sideways,0.0631,0.0631,0.6386,0.2122,0.1491,-1.96,2,813,0.1983,650,168.49,173.82,160.7,8.16,-3.06,4.85,3.4,161.68,179.34,1.59,5,False,False,False,True,False,True,True,True,True,Bull regime; 20-day return ≥ +6%; Conviction ≥ 0.15
2026-09-29,CF,CF Industries,Bear,0.0625,0.0625,0.3125,0.375,0.3125,-11.67,7,264,0.0364,211,115.71,125.07,111.95,11.71,-7.48,3.36,4.82,106.08,131.06,1.59,5,False,False,False,True,False,True,True,True,True,Bull regime; 20-day return ≥ +6%; Conviction ≥ 0.15
2026-09-29,HPQ,HP Inc.,Sideways,0.0623,0.0623,0.4334,0.3144,0.2521,2.34,2,813,0.1048,650,30.73,30.16,23.52,28.21,1.89,30.64,1.47,27.79,35.42,1.59,5,False,False,False,True,False,True,True,True,True,Bull regime; 20-day return ≥ +6%; Conviction ≥ 0.15
2026-09-29,RTX,RTX Corporation,Bear,0.0621,0.0621,0.4534,0.3043,0.2422,-10.55,20,810,0.129,648,186.94,207.38,194.83,6.44,-9.85,-4.05,3.9,179.13,199.38,1.59,5,False,False,False,True,False,True,True,True,True,Bull regime; 20-day return ≥ +6%; Conviction ≥ 0.15
2026-09-29,GL,Globe Life,Sideways,0.0616,0.0616,0.6334,0.2141,0.1525,-3.89,2,578,0.1047,462,166.08,175.42,157.0,11.73,-5.32,5.78,3.28,159.52,176.53,1.59,5,False,False,False,True,False,True,True,True,True,Bull regime; 20-day return ≥ +6%; Conviction ≥ 0.15
2026-09-29,PM,Philip Morris International,Sideways,0.0612,0.0612,0.6531,0.2041,0.1429,3.46,10,232,0.0094,185,193.9,190.12,177.39,7.18,1.99,9.31,4.35,185.21,207.74,1.59,5,False,False,False,True,False,True,True,True,True,Bull regime; 20-day return ≥ +6%; Conviction ≥ 0.15
2026-09-29,XOM,ExxonMobil,Sideways,0.0602,0.0602,0.7062,0.177,0.1168,0.25,18,813,0.1078,650,161.35,159.99,148.42,7.79,0.85,8.71,3.63,154.09,172.89,1.59,5,False,False,False,True,False,True,True,True,True,Bull regime; 20-day return ≥ +6%; Conviction ≥ 0.15
2026-09-29,CSCO,Cisco,Sideways,0.0596,0.0596,0.5275,0.2661,0.2064,-3.27,13,459,0.0641,367,106.94,112.27,97.25,15.44,-4.75,9.96,2.65,101.64,115.36,1.59,5,False,False,False,True,False,True,True,True,True,Bull regime; 20-day return ≥ +6%; Conviction ≥ 0.15
2026-09-29,BDX,Becton Dickinson,Sideways,0.0596,0.0596,0.6129,0.2233,0.1638,-3.32,3,674,0.05,539,181.97,178.62,162.2,10.12,1.88,12.19,4.01,173.95,194.72,1.59,5,False,False,False,True,False,True,True,True,True,Bull regime; 20-day return ≥ +6%; Conviction ≥ 0.15
2026-09-29,EL,Estée Lauder Companies (The),Bear,0.0595,0.0595,0.369,0.3452,0.2857,-8.07,5,387,0.2083,309,94.37,93.16,92.29,0.93,1.3,2.25,3.22,87.94,104.6,1.59,5,False,False,False,True,False,True,True,True,True,Bull regime; 20-day return ≥ +6%; Conviction ≥ 0.15
2026-09-29,GE,GE Aerospace,Bear,0.0593,0.0593,0.4815,0.2889,0.2296,-5.45,2,813,0.096,650,317.89,343.66,323.62,6.19,-7.5,-1.77,8.78,300.33,345.79,1.59,5,False,False,False,True,False,True,True,True,True,Bull regime; 20-day return ≥ +6%; Conviction ≥ 0.15
2026-09-29,HWM,Howmet Aerospace,Bear,0.0588,0.0588,0.7059,0.1765,0.1176,-5.89,22,123,0.0588,98,230.94,261.4,248.01,5.4,-11.65,-6.88,7.38,216.18,254.38,1.59,5,False,False,False,True,False,True,True,True,True,Bull regime; 20-day return ≥ +6%; Conviction ≥ 0.15
2026-09-29,AMCR,Amcor,Bear,0.0588,0.0588,0.5882,0.2353,0.1765,-7.77,17,179,0.1071,143,42.46,45.06,42.8,5.28,-5.77,-0.79,0.95,40.57,45.46,1.59,5,False,False,False,True,False,True,True,True,True,Bull regime; 20-day return ≥ +6%; Conviction ≥ 0.15
2026-09-29,CPAY,Corpay,Sideways,0.0562,0.0562,0.4944,0.2809,0.2247,-2.91,5,197,0.2,157,392.7,400.03,345.59,15.75,-1.83,13.63,8.1,376.5,418.36,1.58,5,False,False,False,True,False,True,True,True,True,Bull regime; 20-day return ≥ +6%; Conviction ≥ 0.15
2026-09-29,IFF,International Flavors & Fragrances,Sideways,0.0543,0.0543,0.5326,0.2609,0.2065,-1.26,19,651,0.0659,521,85.25,83.5,76.06,9.78,2.1,12.08,1.75,81.75,90.78,1.58,5,False,False,False,True,False,True,True,True,True,Bull regime; 20-day return ≥ +6%; Conviction ≥ 0.15
2026-09-29,AMGN,Amgen,Sideways,0.0542,0.0542,0.4542,0.3,0.2458,-1.46,2,544,0.1117,435,423.64,406.92,363.19,12.04,4.11,16.65,10.42,402.79,456.61,1.58,5,False,False,False,True,False,True,True,True,True,Bull regime; 20-day return ≥ +6%; Conviction ≥ 0.15
2026-09-29,D,Dominion Energy,Bear,0.0533,0.0533,0.7067,0.1733,0.12,-8.49,13,585,0.1846,468,60.64,66.54,64.33,3.44,-8.87,-5.73,1.1,58.44,64.11,1.58,5,False,False,False,True,False,True,True,True,True,Bull regime; 20-day return ≥ +6%; Conviction ≥ 0.15
2026-09-29,PFE,Pfizer,Sideways,0.053,0.053,0.5884,0.2323,0.1793,0.91,16,683,0.0761,546,28.72,27.13,26.37,2.91,5.84,8.92,0.5,27.71,30.31,1.58,5,False,False,False,True,False,True,True,True,True,Bull regime; 20-day return ≥ +6%; Conviction ≥ 0.15
2026-09-29,OXY,Occidental Petroleum,Bear,0.0522,0.0522,0.4552,0.2985,0.2463,-9.11,2,562,0.0973,450,54.94,58.39,53.78,8.58,-5.91,2.16,1.54,51.86,59.8,1.58,5,False,False,False,True,False,True,True,True,True,Bull regime; 20-day return ≥ +6%; Conviction ≥ 0.15
2026-09-29,ADM,Archer Daniels Midland,Sideways,0.0481,0.0481,0.516,0.266,0.2179,-2.35,5,585,0.037,468,79.4,82.29,74.11,11.04,-3.52,7.14,2.35,74.71,86.77,1.57,5,False,False,False,True,False,True,True,True,True,Bull regime; 20-day return ≥ +6%; Conviction ≥ 0.15
2026-09-29,INCY,Incyte,Sideways,0.0476,0.0476,0.2857,0.381,0.3333,-0.02,16,412,0.1512,330,123.2,123.55,106.54,15.97,-0.28,15.64,3.35,116.5,133.73,1.57,5,False,False,False,True,False,True,True,True,True,Bull regime; 20-day return ≥ +6%; Conviction ≥ 0.15
2026-09-29,UAL,United Airlines Holdings,Sideways,0.0476,0.0476,0.4048,0.3214,0.2738,4.22,4,258,0.0526,206,112.65,116.16,109.06,6.51,-3.02,3.29,4.1,104.45,125.54,1.57,5,False,False,False,True,False,True,True,True,True,Bull regime; 20-day return ≥ +6%; Conviction ≥ 0.15
2026-09-29,HST,Host Hotels & Resorts,Sideways,0.0471,0.0471,0.5421,0.2525,0.2054,2.3,7,585,0.0804,468,22.44,23.04,21.31,8.12,-2.6,5.31,0.45,21.54,23.85,1.57,5,False,False,False,True,False,True,True,True,True,Bull regime; 20-day return ≥ +6%; Conviction ≥ 0.15
2026-09-29,ETR,Entergy,Bear,0.0467,0.0467,0.5794,0.2336,0.1869,-6.36,5,683,0.0594,546,99.76,106.43,106.14,0.27,-6.26,-6.01,1.99,95.77,106.02,1.57,5,False,False,False,True,False,True,True,True,True,Bull regime; 20-day return ≥ +6%; Conviction ≥ 0.15
2026-09-29,CL,Colgate-Palmolive,Sideways,0.0458,0.0458,0.6796,0.1831,0.1373,-3.81,2,672,0.1461,537,86.46,90.0,88.38,1.83,-3.93,-2.17,1.53,83.41,91.25,1.57,5,False,False,False,True,False,True,True,True,True,Bull regime; 20-day return ≥ +6%; Conviction ≥ 0.15
2026-09-29,MCO,Moody's Corporation,Bear,0.0455,0.0455,0.4091,0.3182,0.2727,-10.39,9,400,0.1,320,454.82,483.17,471.83,2.4,-5.87,-3.61,10.81,433.19,488.73,1.57,5,False,False,False,True,False,True,True,True,True,Bull regime; 20-day return ≥ +6%; Conviction ≥ 0.15
2026-09-29,CAT,Caterpillar Inc.,Sideways,0.0455,0.0455,0.4848,0.2803,0.2348,3.59,9,813,0.0933,650,826.64,827.27,791.75,4.49,-0.08,4.41,21.94,782.76,895.46,1.57,5,False,False,False,True,False,True,True,True,True,Bull regime; 20-day return ≥ +6%; Conviction ≥ 0.15
2026-09-29,MNST,Monster Beverage,Bear,0.0441,0.0441,0.2941,0.375,0.3309,-9.54,10,512,0.0818,410,41.74,45.79,42.32,8.2,-8.84,-1.36,1.04,39.65,45.01,1.57,5,False,False,False,True,False,True,True,True,True,Bull regime; 20-day return ≥ +6%; Conviction ≥ 0.15
2026-09-29,ABBV,AbbVie,Sideways,0.044,0.044,0.4725,0.2857,0.2418,2.64,17,171,0.1045,137,263.29,257.48,230.97,11.48,2.26,13.99,5.32,252.65,279.95,1.57,5,False,False,False,True,False,True,True,True,True,Bull regime; 20-day return ≥ +6%; Conviction ≥ 0.15
2026-09-29,DOC,Healthpeak Properties,Sideways,0.0436,0.0436,0.6324,0.2056,0.162,-3.37,3,519,0.225,415,20.13,21.08,18.84,11.87,-4.48,6.85,0.38,19.38,21.31,1.57,5,False,False,False,True,False,True,True,True,True,Bull regime; 20-day return ≥ +6%; Conviction ≥ 0.15
2026-09-29,SPG,Simon Property Group,Sideways,0.0418,0.0418,0.6318,0.205,0.1632,-3.86,3,411,0.0794,329,204.28,216.49,203.58,6.34,-5.64,0.34,2.96,198.36,213.52,1.56,5,False,False,False,True,False,True,True,True,True,Bull regime; 20-day return ≥ +6%; Conviction ≥ 0.15
2026-09-29,EVRG,Evergy,Sideways,0.0397,0.0397,0.7307,0.1545,0.1148,-2.87,3,674,0.0451,539,78.73,82.1,81.01,1.35,-4.11,-2.82,1.19,76.34,82.45,1.56,5,False,False,False,True,False,True,True,True,True,Bull regime; 20-day return ≥ +6%; Conviction ≥ 0.15
2026-09-29,SNA,Snap-on,Bear,0.0391,0.0391,0.4453,0.2969,0.2578,-5.11,21,674,0.1429,539,367.08,392.3,379.15,3.47,-6.43,-3.18,6.12,354.84,386.16,1.56,5,False,False,False,True,False,True,True,True,True,Bull regime; 20-day return ≥ +6%; Conviction ≥ 0.15
2026-09-29,TRV,Travelers Companies (The),Sideways,0.0391,0.0391,0.6172,0.2109,0.1719,-0.75,24,640,0.1031,511,363.21,372.41,319.04,16.73,-2.47,13.85,6.63,349.96,383.86,1.56,5,False,False,False,True,False,True,True,True,True,Bull regime; 20-day return ≥ +6%; Conviction ≥ 0.15
2026-09-29,NEM,Newmont,Bear,0.0382,0.0382,0.4268,0.3057,0.2675,-7.38,5,585,0.1586,468,117.09,116.58,111.26,4.78,0.44,5.24,4.21,108.67,130.2,1.56,5,False,False,False,True,False,True,True,True,True,Bull regime; 20-day return ≥ +6%; Conviction ≥ 0.15
2026-09-29,REG,Regency Centers,Sideways,0.0366,0.0366,0.7143,0.1612,0.1245,-2.86,4,413,0.0702,330,72.66,76.55,76.26,0.38,-5.08,-4.72,1.02,70.62,75.83,1.55,5,False,False,False,True,False,True,True,True,True,Bull regime; 20-day return ≥ +6%; Conviction ≥ 0.15
2026-09-29,MDLZ,Mondelez International,Sideways,0.0318,0.0318,0.6864,0.1727,0.1409,-4.53,5,317,0.05,253,59.32,62.06,59.54,4.24,-4.42,-0.37,1.2,56.93,63.02,1.55,5,False,False,False,True,False,True,True,True,True,Bull regime; 20-day return ≥ +6%; Conviction ≥ 0.15
2026-09-29,IQV,IQVIA,Sideways,0.0312,0.0312,0.5521,0.2396,0.2083,2.94,3,167,0.0571,133,268.99,250.19,205.25,21.89,7.51,31.05,7.1,254.79,290.95,1.55,5,False,False,False,True,False,True,True,True,True,Bull regime; 20-day return ≥ +6%; Conviction ≥ 0.15
2026-09-29,ES,Eversource Energy,Bear,0.0303,0.0303,0.5455,0.2424,0.2121,-9.32,6,674,0.1398,539,63.9,70.55,70.2,0.5,-9.42,-8.97,1.24,61.41,67.74,1.55,5,False,False,False,True,False,True,True,True,True,Bull regime; 20-day return ≥ +6%; Conviction ≥ 0.15
2026-09-29,WDC,Western Digital,Sideways,0.0298,0.0298,0.256,0.3869,0.3571,0.65,5,602,0.0708,482,453.48,472.78,396.04,19.38,-4.08,14.5,27.0,399.47,536.9,1.54,5,False,False,False,True,False,True,True,True,True,Bull regime; 20-day return ≥ +6%; Conviction ≥ 0.15
2026-09-29,MAR,Marriott International,Bull,0.0286,0.0286,0.5714,0.2286,0.2,5.65,1,357,0.1136,285,361.62,352.55,348.55,1.15,2.57,3.75,7.48,346.66,384.71,1.54,5,False,True,False,False,False,True,True,True,True,20-day return ≥ +6%; Regime held ≥ 2 bars; Conviction ≥ 0.15
2026-09-29,FDX,FedEx,Bear,0.0217,0.0217,0.4565,0.2826,0.2609,-13.01,13,609,0.042,487,287.47,315.14,298.15,5.7,-8.78,-3.58,7.26,272.95,309.72,1.53,5,False,False,False,True,False,True,True,True,True,Bull regime; 20-day return ≥ +6%; Conviction ≥ 0.15
2026-09-29,CVX,Chevron Corporation,Sideways,0.0202,0.0202,0.6032,0.2085,0.1883,-0.86,10,813,0.0744,650,204.38,201.76,185.8,8.59,1.3,10.0,4.27,195.84,217.45,1.53,5,False,False,False,True,False,True,True,True,True,Bull regime; 20-day return ≥ +6%; Conviction ≥ 0.15
2026-09-29,MS,Morgan Stanley,Bear,0.0198,0.0198,0.3663,0.3267,0.3069,-10.13,6,421,0.1136,337,192.76,211.11,193.73,8.97,-8.69,-0.5,4.78,183.19,207.4,1.53,5,False,False,False,True,False,True,True,True,True,Bull regime; 20-day return ≥ +6%; Conviction ≥ 0.15
2026-09-29,AVY,Avery Dennison,Sideways,0.0198,0.0198,0.5508,0.2345,0.2147,-1.93,3,674,0.0678,539,170.78,172.95,172.95,0.0,-1.26,-1.25,4.02,162.74,183.08,1.53,5,False,False,False,True,False,True,True,True,True,Bull regime; 20-day return ≥ +6%; Conviction ≥ 0.15
2026-09-29,KEY,KeyCorp,Bear,0.019,0.019,0.3143,0.3524,0.3333,-7.14,6,488,0.093,390,20.12,21.99,21.62,1.72,-8.5,-6.92,0.42,19.28,21.41,1.53,5,False,False,False,True,False,True,True,True,True,Bull regime; 20-day return ≥ +6%; Conviction ≥ 0.15
2026-09-29,DGX,Quest Diagnostics,Sideways,0.0185,0.0185,0.6111,0.2037,0.1852,-3.53,25,373,0.1731,298,231.97,236.73,205.33,15.29,-2.01,12.97,5.69,220.59,249.36,1.53,5,False,False,False,True,False,True,True,True,True,Bull regime; 20-day return ≥ +6%; Conviction ≥ 0.15
2026-09-29,FDS,FactSet,Bear,0.0122,0.0122,0.5244,0.2439,0.2317,-18.74,9,379,0.2206,303,259.97,281.06,249.4,12.69,-7.5,4.24,11.77,236.42,295.72,1.52,5,False,False,False,True,False,True,True,True,True,Bull regime; 20-day return ≥ +6%; Conviction ≥ 0.15
2026-09-29,FCX,Freeport-McMoRan,Bear,0.0083,0.0083,0.3471,0.3306,0.3223,-6.76,5,391,0.0707,313,70.79,70.13,63.27,10.84,0.94,11.88,2.67,65.44,78.88,1.51,5,False,False,False,True,False,True,True,True,True,Bull regime; 20-day return ≥ +6%; Conviction ≥ 0.15
2026-09-29,WMB,Williams Companies,Bear,0.0075,0.0075,0.3759,0.3158,0.3083,-8.94,4,562,0.0887,450,68.63,72.42,71.03,1.96,-5.23,-3.38,1.75,65.14,73.91,1.51,5,False,False,False,True,False,True,True,True,True,Bull regime; 20-day return ≥ +6%; Conviction ≥ 0.15
2026-09-29,MSI,Motorola Solutions,Bear,0.0053,0.0053,0.3915,0.3069,0.3016,-8.42,6,813,0.0479,650,446.12,458.76,429.77,6.75,-2.75,3.81,9.01,428.11,473.28,1.51,5,False,False,False,True,False,True,True,True,True,Bull regime; 20-day return ≥ +6%; Conviction ≥ 0.15
2026-09-29,DDOG,Datadog,Bull,0.0,0.0,0.3333,0.3333,0.3333,12.48,6,87,0.1765,69,268.56,243.01,182.89,32.88,10.51,46.85,12.71,243.14,306.69,1.5,5,False,True,True,True,False,False,False,True,True,Conviction ≥ 0.15; Positive signal; At least 90 transitions
2026-09-29,DAL,Delta Air Lines,Bull,0.0,0.0,0.3778,0.3111,0.3111,8.44,1,243,0.069,194,84.87,84.05,75.6,11.18,0.97,12.26,2.4,80.08,92.06,1.5,5,False,True,True,False,False,False,True,True,True,Regime held ≥ 2 bars; Conviction ≥ 0.15; Positive signal
2026-09-29,WBD,Warner Bros. Discovery,Bull,0.0,0.0,0.4872,0.2564,0.2564,7.82,7,265,0.0,212,30.85,27.92,27.66,0.94,10.5,11.53,0.4,30.05,32.04,1.5,5,False,True,True,True,False,False,True,False,True,Conviction ≥ 0.15; Positive signal; Positive 25-day signal
2026-09-29,MRNA,Moderna,Bull,0.0,0.0,0.1818,0.4091,0.4091,37.14,8,97,-0.1034,77,203.46,115.7,65.97,75.37,75.85,208.4,13.13,177.19,242.86,1.5,5,False,True,True,True,False,False,True,False,True,Conviction ≥ 0.15; Positive signal; Positive 25-day signal
2026-09-29,APP,AppLovin,Sideways,0.375,0.375,0.125,0.625,0.25,-2.07,5,67,0.2222,53,305.66,338.72,462.33,-26.74,-9.76,-33.89,15.72,274.22,370.51,2.06,4,False,False,False,True,True,True,False,True,False,Bull regime; 20-day return ≥ +6%; At least 90 transitions; SMA50 > SMA200
2026-09-29,OTIS,Otis Worldwide,Bear,0.3333,0.3333,0.3333,0.5,0.1667,-8.05,4,81,0.0909,64,65.63,70.82,78.43,-9.71,-7.33,-16.32,1.51,62.6,71.69,2.0,4,False,False,False,True,True,True,False,True,False,Bull regime; 20-day return ≥ +6%; At least 90 transitions; SMA50 > SMA200
2026-09-29,ULTA,Ulta Beauty,Sideways,0.2165,0.2165,0.3918,0.4124,0.1959,1.99,1,237,0.2951,189,547.89,531.02,556.46,-4.57,3.18,-1.54,16.05,515.78,606.48,1.82,4,False,False,False,False,True,True,True,True,False,Bull regime; 20-day return ≥ +6%; Regime held ≥ 2 bars; SMA50 > SMA200
2026-09-29,SNPS,Synopsys,Bear,0.1771,0.1771,0.3438,0.4167,0.2396,-5.73,3,434,-0.0172,347,415.09,402.1,444.75,-9.59,3.23,-6.67,14.81,385.46,467.4,1.77,4,False,False,False,True,True,True,True,False,False,Bull regime; 20-day return ≥ +6%; Positive 25-day signal; SMA50 > SMA200
2026-09-29,PEP,PepsiCo,Bear,0.15,0.15,0.57,0.29,0.14,-8.67,9,683,0.1149,546,128.69,137.53,147.62,-6.83,-6.43,-12.82,2.28,124.12,136.57,1.72,4,False,False,False,True,False,True,True,True,False,Bull regime; 20-day return ≥ +6%; Conviction ≥ 0.15; SMA50 > SMA200
2026-09-29,ROL,"Rollins, Inc.",Bear,0.1489,0.1489,0.5319,0.3085,0.1596,-16.77,11,585,0.1379,468,30.5,36.0,50.08,-28.13,-15.27,-39.1,0.95,28.6,33.78,1.72,4,False,False,False,True,False,True,True,True,False,Bull regime; 20-day return ≥ +6%; Conviction ≥ 0.15; SMA50 > SMA200
2026-09-29,MKC,McCormick & Company,Bear,0.1468,0.1468,0.5413,0.3028,0.156,-11.36,13,674,0.125,539,48.4,52.07,55.84,-6.75,-7.05,-13.32,1.2,45.99,52.54,1.72,4,False,False,False,True,False,True,True,True,False,Bull regime; 20-day return ≥ +6%; Conviction ≥ 0.15; SMA50 > SMA200
2026-09-29,YUM,Yum! Brands,Bear,0.1429,0.1429,0.5,0.3214,0.1786,-10.72,9,364,0.2353,291,137.73,147.32,154.19,-4.46,-6.51,-10.68,3.59,130.54,150.06,1.71,4,False,False,False,True,False,True,True,True,False,Bull regime; 20-day return ≥ +6%; Conviction ≥ 0.15; SMA50 > SMA200
2026-09-29,DG,Dollar General,Sideways,0.1429,0.1429,0.5179,0.3125,0.1696,-3.3,16,211,0.131,168,122.64,124.31,127.06,-2.17,-1.34,-3.48,3.77,115.1,135.56,1.71,4,False,False,False,True,False,True,True,True,False,Bull regime; 20-day return ≥ +6%; Conviction ≥ 0.15; SMA50 > SMA200
2026-09-29,PTC,PTC Inc.,Bear,0.1416,0.1416,0.3451,0.3982,0.2566,-12.41,16,462,0.1771,369,137.56,140.59,145.6,-3.44,-2.16,-5.52,4.9,127.76,154.34,1.71,4,False,False,False,True,False,True,True,True,False,Bull regime; 20-day return ≥ +6%; Conviction ≥ 0.15; SMA50 > SMA200
2026-09-29,XEL,Xcel Energy,Bear,0.1398,0.1398,0.5591,0.2903,0.1505,-6.83,12,674,0.1,539,70.69,76.35,78.14,-2.28,-7.41,-9.53,1.35,67.98,75.32,1.71,4,False,False,False,True,False,True,True,True,False,Bull regime; 20-day return ≥ +6%; Conviction ≥ 0.15; SMA50 > SMA200
2026-09-29,ORCL,Oracle Corporation,Bear,0.1379,0.1379,0.3103,0.4138,0.2759,-7.9,4,509,0.1625,407,137.79,142.7,163.67,-12.81,-3.44,-15.81,7.28,123.23,162.64,1.71,4,False,False,False,True,False,True,True,True,False,Bull regime; 20-day return ≥ +6%; Conviction ≥ 0.15; SMA50 > SMA200
2026-09-29,FERG,Ferguson Enterprises,Sideways,0.1368,0.1368,0.5556,0.2906,0.1538,-0.29,3,209,0.3333,167,223.87,232.32,237.85,-2.32,-3.64,-5.88,5.83,212.21,243.76,1.71,4,False,False,False,True,False,True,True,True,False,Bull regime; 20-day return ≥ +6%; Conviction ≥ 0.15; SMA50 > SMA200
2026-09-29,NVDA,Nvidia,Sideways,0.1346,0.1346,0.3462,0.3942,0.2596,2.87,1,347,0.2444,277,227.21,216.98,199.91,8.54,4.72,13.66,6.02,215.18,247.69,1.7,4,False,False,False,False,False,True,True,True,True,Bull regime; 20-day return ≥ +6%; Regime held ≥ 2 bars; Conviction ≥ 0.15
2026-09-29,VMC,Vulcan Materials Company,Bear,0.1345,0.1345,0.4622,0.3361,0.2017,-10.48,21,674,0.2404,539,242.75,267.13,284.87,-6.23,-9.13,-14.79,6.82,229.12,265.94,1.7,4,False,False,False,True,False,True,True,True,False,Bull regime; 20-day return ≥ +6%; Conviction ≥ 0.15; SMA50 > SMA200
2026-09-29,NEE,NextEra Energy,Bear,0.1333,0.1333,0.5111,0.3111,0.1778,-8.16,6,674,0.3117,539,75.89,83.83,87.49,-4.18,-9.47,-13.26,1.31,73.27,80.34,1.7,4,False,False,False,True,False,True,True,True,False,Bull regime; 20-day return ≥ +6%; Conviction ≥ 0.15; SMA50 > SMA200
2026-09-29,KR,Kroger,Bull,0.133,0.133,0.5734,0.2798,0.1468,5.49,1,813,0.0696,650,60.79,58.05,63.57,-8.67,4.72,-4.37,1.53,57.72,66.0,1.7,4,False,True,False,False,False,True,True,True,False,20-day return ≥ +6%; Regime held ≥ 2 bars; Conviction ≥ 0.15; SMA50 > SMA200
2026-09-29,UHS,Universal Health Services,Sideways,0.1319,0.1319,0.434,0.3489,0.217,3.12,22,568,0.1023,454,175.73,171.11,181.54,-5.74,2.7,-3.2,5.61,164.51,194.78,1.7,4,False,False,False,True,False,True,True,True,False,Bull regime; 20-day return ≥ +6%; Conviction ≥ 0.15; SMA50 > SMA200
2026-09-29,CVNA,Carvana,Bear,0.1316,0.1316,0.1316,0.5,0.3684,-14.38,6,117,0.2812,93,63.62,68.73,72.38,-5.04,-7.43,-12.1,3.31,56.99,74.87,1.7,4,False,False,False,True,False,True,True,True,False,Bull regime; 20-day return ≥ +6%; Conviction ≥ 0.15; SMA50 > SMA200
2026-09-29,ERIE,Erie Indemnity,Bear,0.129,0.129,0.6774,0.2258,0.0968,-13.88,9,388,0.0667,310,222.43,245.0,249.94,-1.98,-9.21,-11.01,7.71,207.01,248.55,1.69,4,False,False,False,True,False,True,True,True,False,Bull regime; 20-day return ≥ +6%; Conviction ≥ 0.15; SMA50 > SMA200
2026-09-29,CMCSA,Comcast,Bear,0.127,0.127,0.4286,0.3492,0.2222,-20.9,10,585,0.0841,468,21.6,24.78,26.77,-7.45,-12.82,-19.31,0.69,20.22,23.94,1.69,4,False,False,False,True,False,True,True,True,False,Bull regime; 20-day return ≥ +6%; Conviction ≥ 0.15; SMA50 > SMA200
2026-09-29,RL,Ralph Lauren Corporation,Sideways,0.1266,0.1266,0.4051,0.3608,0.2342,2.57,4,367,0.1327,293,355.92,364.23,365.39,-0.32,-2.28,-2.59,10.37,335.18,390.96,1.69,4,False,False,False,True,False,True,True,True,False,Bull regime; 20-day return ≥ +6%; Conviction ≥ 0.15; SMA50 > SMA200
2026-09-29,VICI,Vici Properties,Bear,0.125,0.125,0.75,0.1875,0.0625,-10.04,10,108,0.2143,86,23.2,25.61,27.51,-6.92,-9.41,-15.68,0.4,22.4,24.54,1.69,4,False,False,False,True,False,True,True,True,False,Bull regime; 20-day return ≥ +6%; Conviction ≥ 0.15; SMA50 > SMA200
2026-09-29,SOLV,Solventum,Sideways,0.125,0.125,0.5,0.3125,0.1875,-1.93,14,30,0.1,24,89.32,87.52,77.87,12.4,2.06,14.71,1.98,85.36,96.0,1.69,4,False,False,False,True,False,True,False,True,True,Bull regime; 20-day return ≥ +6%; Conviction ≥ 0.15; At least 90 transitions
2026-09-29,COP,ConocoPhillips,Bear,0.122,0.122,0.5041,0.3089,0.187,-5.47,1,562,0.1238,450,125.44,127.55,116.07,9.89,-1.66,8.07,3.38,118.68,136.81,1.68,4,False,False,False,False,False,True,True,True,True,Bull regime; 20-day return ≥ +6%; Regime held ≥ 2 bars; Conviction ≥ 0.15
2026-09-29,PPG,PPG Industries,Bear,0.1193,0.1193,0.4587,0.3303,0.211,-5.64,5,585,0.0204,468,106.02,111.77,111.96,-0.17,-5.15,-5.3,2.41,101.19,114.13,1.68,4,False,False,False,True,False,True,True,True,False,Bull regime; 20-day return ≥ +6%; Conviction ≥ 0.15; SMA50 > SMA200
2026-09-29,BMY,Bristol Myers Squibb,Bear,0.119,0.119,0.4841,0.3175,0.1984,-6.09,1,683,0.1207,546,62.86,64.47,59.26,8.79,-2.5,6.07,1.4,60.05,67.57,1.68,4,False,False,False,False,False,True,True,True,True,Bull regime; 20-day return ≥ +6%; Regime held ≥ 2 bars; Conviction ≥ 0.15
2026-09-29,REGN,Regeneron Pharmaceuticals,Bear,0.1189,0.1189,0.2797,0.4196,0.3007,-6.27,2,445,0.0,356,750.51,779.86,736.11,5.94,-3.76,1.96,19.99,710.53,817.61,1.68,4,False,False,False,True,False,True,True,False,True,Bull regime; 20-day return ≥ +6%; Conviction ≥ 0.15; Positive 25-day signal
2026-09-29,LOW,Lowe's,Bear,0.1172,0.1172,0.4297,0.3438,0.2266,-8.9,20,585,0.15,468,187.26,206.31,232.59,-11.3,-9.23,-19.49,4.34,178.57,201.82,1.68,4,False,False,False,True,False,True,True,True,False,Bull regime; 20-day return ≥ +6%; Conviction ≥ 0.15; SMA50 > SMA200
2026-09-29,AAPL,Apple Inc.,Sideways,0.1171,0.1171,0.3951,0.361,0.2439,3.88,1,576,0.1047,460,329.4,321.98,288.33,11.67,2.3,14.25,7.04,315.33,352.98,1.68,4,False,False,False,False,False,True,True,True,True,Bull regime; 20-day return ≥ +6%; Regime held ≥ 2 bars; Conviction ≥ 0.15
2026-09-29,ICE,Intercontinental Exchange,Bear,0.1163,0.1163,0.3256,0.3953,0.2791,-5.44,2,261,0.1622,208,152.19,154.73,155.18,-0.29,-1.64,-1.92,3.52,145.15,163.98,1.67,4,False,False,False,True,False,True,True,True,False,Bull regime; 20-day return ≥ +6%; Conviction ≥ 0.15; SMA50 > SMA200
2026-09-29,CHTR,Charter Communications,Bear,0.1163,0.1163,0.5116,0.3023,0.186,-32.02,10,209,0.0714,167,110.67,141.3,176.37,-19.89,-21.68,-37.25,6.41,97.84,132.15,1.67,4,False,False,False,True,False,True,True,True,False,Bull regime; 20-day return ≥ +6%; Conviction ≥ 0.15; SMA50 > SMA200
2026-09-29,ALLE,Allegion,Sideways,0.1163,0.1163,0.5116,0.3023,0.186,0.12,5,160,0.0,128,155.43,157.68,150.41,4.83,-1.43,3.34,3.27,148.88,166.4,1.67,4,False,False,False,True,False,True,True,False,True,Bull regime; 20-day return ≥ +6%; Conviction ≥ 0.15; Positive 25-day signal
2026-09-29,DECK,Deckers Brands,Bear,0.1138,0.1138,0.3008,0.4065,0.2927,-11.42,26,413,0.0505,330,77.68,89.09,101.63,-12.33,-12.81,-23.57,2.34,73.01,85.49,1.67,4,False,False,False,True,False,True,True,True,False,Bull regime; 20-day return ≥ +6%; Conviction ≥ 0.15; SMA50 > SMA200
2026-09-29,WYNN,Wynn Resorts,Bear,0.1124,0.1124,0.3483,0.382,0.2697,-15.43,21,299,0.1358,239,78.23,93.81,103.83,-9.64,-16.61,-24.65,2.63,72.96,87.02,1.67,4,False,False,False,True,False,True,True,True,False,Bull regime; 20-day return ≥ +6%; Conviction ≥ 0.15; SMA50 > SMA200
2026-09-29,BSX,Boston Scientific,Bear,0.11,0.11,0.35,0.38,0.27,-9.6,16,431,0.087,345,43.88,46.88,62.47,-24.95,-6.4,-29.76,1.45,40.98,48.7,1.66,4,False,False,False,True,False,True,True,True,False,Bull regime; 20-day return ≥ +6%; Conviction ≥ 0.15; SMA50 > SMA200
2026-09-29,TSLA,"Tesla, Inc.",Sideways,0.1091,0.1091,0.2364,0.4364,0.3273,-4.19,3,203,0.0526,162,352.84,347.45,394.69,-11.97,1.55,-10.6,12.5,327.84,394.43,1.66,4,False,False,False,True,False,True,True,True,False,Bull regime; 20-day return ≥ +6%; Conviction ≥ 0.15; SMA50 > SMA200
2026-09-29,IT,Gartner,Bear,0.1087,0.1087,0.3261,0.3913,0.2826,-6.39,2,414,-0.0122,331,185.85,178.98,173.83,2.96,3.84,6.91,8.09,169.67,212.75,1.66,4,False,False,False,True,False,True,True,False,True,Bull regime; 20-day return ≥ +6%; Conviction ≥ 0.15; Positive 25-day signal
2026-09-29,CHD,Church & Dwight,Sideways,0.1083,0.1083,0.6139,0.2472,0.1389,-4.96,1,585,0.1667,468,94.95,98.57,95.85,2.84,-3.67,-0.94,1.69,91.56,100.58,1.66,4,False,False,False,False,False,True,True,True,True,Bull regime; 20-day return ≥ +6%; Regime held ≥ 2 bars; Conviction ≥ 0.15
2026-09-29,HBAN,Huntington Bancshares,Bear,0.1081,0.1081,0.4595,0.3243,0.2162,-8.89,15,585,0.0909,468,15.27,16.91,16.96,-0.31,-9.69,-9.96,0.37,14.53,16.5,1.66,4,False,False,False,True,False,True,True,True,False,Bull regime; 20-day return ≥ +6%; Conviction ≥ 0.15; SMA50 > SMA200
2026-09-29,PNR,Pentair,Bear,0.1069,0.1069,0.3145,0.3962,0.2893,-12.29,25,672,0.2955,537,53.47,61.57,81.82,-24.75,-13.16,-34.65,1.54,50.38,58.6,1.66,4,False,False,False,True,False,True,True,True,False,Bull regime; 20-day return ≥ +6%; Conviction ≥ 0.15; SMA50 > SMA200
2026-09-29,ALB,Albemarle Corporation,Bear,0.1058,0.1058,0.4327,0.3365,0.2308,-22.64,13,409,0.1481,327,107.62,123.59,155.77,-20.66,-12.92,-30.91,4.95,97.72,124.03,1.66,4,False,False,False,True,False,True,True,True,False,Bull regime; 20-day return ≥ +6%; Conviction ≥ 0.15; SMA50 > SMA200
2026-09-29,HSIC,Henry Schein,Bear,0.1053,0.1053,0.4211,0.3421,0.2368,-5.53,1,387,0.2069,309,84.97,87.74,80.15,9.48,-3.16,6.02,1.78,81.4,90.88,1.66,4,False,False,False,False,False,True,True,True,True,Bull regime; 20-day return ≥ +6%; Regime held ≥ 2 bars; Conviction ≥ 0.15
2026-09-29,VTR,Ventas,Sideways,0.105,0.105,0.565,0.27,0.165,-4.79,1,368,0.1061,294,86.91,91.5,85.82,6.63,-5.02,1.27,1.64,83.63,92.34,1.66,4,False,False,False,False,False,True,True,True,True,Bull regime; 20-day return ≥ +6%; Regime held ≥ 2 bars; Conviction ≥ 0.15
2026-09-29,CSGP,CoStar Group,Bear,0.1026,0.1026,0.4103,0.3462,0.2436,-17.39,9,354,0.197,283,26.95,30.3,40.65,-25.47,-11.05,-33.71,1.18,24.59,30.86,1.65,4,False,False,False,True,False,True,True,True,False,Bull regime; 20-day return ≥ +6%; Conviction ≥ 0.15; SMA50 > SMA200
2026-09-29,NVR,"NVR, Inc.",Sideways,0.1016,0.1016,0.5163,0.2927,0.1911,-1.28,39,517,0.108,414,6234.63,6294.94,6712.1,-6.22,-0.96,-7.11,136.23,5962.17,6684.86,1.65,4,False,False,False,True,False,True,True,True,False,Bull regime; 20-day return ≥ +6%; Conviction ≥ 0.15; SMA50 > SMA200
2026-09-29,DIS,Walt Disney Company (The),Sideways,0.101,0.101,0.5152,0.2929,0.1919,-2.01,4,813,0.1,650,105.41,103.83,103.98,-0.15,1.53,1.38,2.09,101.23,112.31,1.65,4,False,False,False,True,False,True,True,True,False,Bull regime; 20-day return ≥ +6%; Conviction ≥ 0.15; SMA50 > SMA200
2026-09-29,APO,Apollo Global Management,Bear,-0.1,0.1,0.3,0.3,0.4,-13.78,6,193,0.0714,154,119.0,128.93,127.14,1.41,-7.7,-6.4,3.83,111.35,131.62,1.65,4,False,False,False,True,False,False,True,True,True,Bull regime; 20-day return ≥ +6%; Conviction ≥ 0.15; Positive signal
2026-09-29,DPZ,Domino's,Bear,0.1,0.1,0.46,0.32,0.22,-12.52,15,278,0.2667,222,301.81,332.59,355.84,-6.53,-9.26,-15.18,9.73,282.34,333.93,1.65,4,False,False,False,True,False,True,True,True,False,Bull regime; 20-day return ≥ +6%; Conviction ≥ 0.15; SMA50 > SMA200
2026-09-29,VRT,Vertiv,Sideways,0.1,0.1,0.6,0.25,0.15,-4.09,1,101,0.2143,80,248.34,264.17,263.42,0.28,-5.99,-5.73,12.43,223.47,289.37,1.65,4,False,False,False,False,False,True,True,True,True,Bull regime; 20-day return ≥ +6%; Regime held ≥ 2 bars; Conviction ≥ 0.15
2026-09-29,TMUS,T-Mobile US,Bear,0.1,0.1,0.26,0.42,0.32,-10.18,9,243,0.1923,194,162.98,177.65,191.73,-7.34,-8.26,-15.0,4.8,153.38,178.81,1.65,4,False,False,False,True,False,True,True,True,False,Bull regime; 20-day return ≥ +6%; Conviction ≥ 0.15; SMA50 > SMA200
2026-09-29,UBER,Uber,Bear,0.1,0.1,0.4333,0.3333,0.2333,-8.68,10,91,0.0909,73,69.36,73.16,74.97,-2.42,-5.19,-7.49,1.94,65.47,75.77,1.65,4,False,False,False,True,False,True,True,True,False,Bull regime; 20-day return ≥ +6%; Conviction ≥ 0.15; SMA50 > SMA200
2026-09-29,VST,Vistra Corp.,Sideways,0.1,0.1,0.38,0.36,0.26,2.49,11,124,0.0526,99,140.83,144.91,155.39,-6.74,-2.82,-9.37,4.49,131.86,155.63,1.65,4,False,False,False,True,False,True,True,True,False,Bull regime; 20-day return ≥ +6%; Conviction ≥ 0.15; SMA50 > SMA200
2026-09-29,LIN,Linde plc,Sideways,0.0996,0.0996,0.6322,0.2337,0.1341,-3.37,5,430,0.0567,344,473.37,482.48,485.29,-0.58,-1.89,-2.46,7.52,458.33,498.17,1.65,4,False,False,False,True,False,True,True,True,False,Bull regime; 20-day return ≥ +6%; Conviction ≥ 0.15; SMA50 > SMA200
2026-09-29,BEN,Franklin Resources,Sideways,0.0966,0.0966,0.458,0.3193,0.2227,-4.43,1,540,0.1982,432,32.67,33.66,29.4,14.49,-2.93,11.14,0.78,31.12,35.23,1.64,4,False,False,False,False,False,True,True,True,True,Bull regime; 20-day return ≥ +6%; Regime held ≥ 2 bars; Conviction ≥ 0.15
2026-09-29,TKO,TKO Group Holdings,Sideways,0.0959,0.0959,0.4384,0.3288,0.2329,-2.79,8,337,0.0758,270,177.58,188.39,197.05,-4.4,-5.74,-9.88,5.46,166.65,195.54,1.64,4,False,False,False,True,False,True,True,True,False,Bull regime; 20-day return ≥ +6%; Conviction ≥ 0.15; SMA50 > SMA200
2026-09-29,TSN,Tyson Foods,Bear,0.0956,0.0956,0.4338,0.3309,0.2353,-7.84,18,585,0.0504,468,50.98,55.64,60.14,-7.48,-8.38,-15.23,1.16,48.65,54.8,1.64,4,False,False,False,True,False,True,True,True,False,Bull regime; 20-day return ≥ +6%; Conviction ≥ 0.15; SMA50 > SMA200
2026-09-29,SYK,Stryker Corporation,Bear,0.0952,0.0952,0.4476,0.3238,0.2286,-14.97,21,585,0.1882,468,278.77,313.59,331.39,-5.37,-11.1,-15.88,8.19,262.39,305.68,1.64,4,False,False,False,True,False,True,True,True,False,Bull regime; 20-day return ≥ +6%; Conviction ≥ 0.15; SMA50 > SMA200
2026-09-29,WY,Weyerhaeuser,Bear,0.0946,0.0946,0.4459,0.3243,0.2297,-17.85,22,672,0.1119,537,19.55,23.36,24.22,-3.55,-16.32,-19.3,0.53,18.49,21.28,1.64,4,False,False,False,True,False,True,True,True,False,Bull regime; 20-day return ≥ +6%; Conviction ≥ 0.15; SMA50 > SMA200
2026-09-29,COO,Cooper Companies (The),Bear,0.0921,0.0921,0.3421,0.375,0.2829,-21.32,17,549,0.0147,439,56.63,67.78,71.75,-5.53,-16.45,-21.08,2.03,52.58,63.27,1.64,4,False,False,False,True,False,True,True,True,False,Bull regime; 20-day return ≥ +6%; Conviction ≥ 0.15; SMA50 > SMA200
2026-09-29,KVUE,Kenvue,Bear,0.0909,0.0909,0.7273,0.1818,0.0909,-5.27,10,41,0.2,33,17.91,18.74,18.03,3.91,-4.42,-0.68,0.32,17.27,18.95,1.64,4,False,False,False,True,False,True,False,True,True,Bull regime; 20-day return ≥ +6%; Conviction ≥ 0.15; At least 90 transitions
2026-09-29,KHC,Kraft Heinz,Bear,0.0909,0.0909,0.4848,0.303,0.2121,-9.05,3,140,0.0,112,23.45,25.19,23.97,5.06,-6.9,-2.18,0.59,22.26,25.39,1.64,4,False,False,False,True,False,True,True,False,True,Bull regime; 20-day return ≥ +6%; Conviction ≥ 0.15; Positive 25-day signal
2026-09-29,EFX,Equifax,Bear,0.0909,0.0909,0.5124,0.2893,0.1983,-29.5,11,585,0.0882,468,140.83,175.23,183.75,-4.64,-19.63,-23.36,6.06,128.7,160.67,1.64,4,False,False,False,True,False,True,True,True,False,Bull regime; 20-day return ≥ +6%; Conviction ≥ 0.15; SMA50 > SMA200
2026-09-29,TJX,TJX Companies,Sideways,0.0906,0.0906,0.5472,0.2717,0.1811,-0.08,4,493,0.2532,394,133.8,142.31,152.91,-6.93,-5.98,-12.5,3.03,127.73,143.73,1.64,4,False,False,False,True,False,True,True,True,False,Bull regime; 20-day return ≥ +6%; Conviction ≥ 0.15; SMA50 > SMA200
2026-09-29,CMG,Chipotle Mexican Grill,Bear,0.0893,0.0893,0.375,0.3571,0.2679,-17.64,8,259,0.1132,207,31.88,34.7,34.92,-0.64,-8.13,-8.72,1.23,29.41,35.91,1.63,4,False,False,False,True,False,True,True,True,False,Bull regime; 20-day return ≥ +6%; Conviction ≥ 0.15; SMA50 > SMA200
2026-09-29,AMT,American Tower,Sideways,0.0884,0.0884,0.6022,0.2431,0.1547,-4.87,25,358,0.0806,286,167.35,173.04,177.16,-2.33,-3.29,-5.54,3.84,159.66,179.9,1.63,4,False,False,False,True,False,True,True,True,False,Bull regime; 20-day return ≥ +6%; Conviction ≥ 0.15; SMA50 > SMA200
2026-09-29,MCD,McDonald's,Bear,0.087,0.087,0.5478,0.2696,0.1826,-11.9,10,756,0.1287,605,233.98,261.16,291.07,-10.27,-10.41,-19.61,4.84,224.31,249.75,1.63,4,False,False,False,True,False,True,True,True,False,Bull regime; 20-day return ≥ +6%; Conviction ≥ 0.15; SMA50 > SMA200
2026-09-29,TRGP,Targa Resources,Bear,0.087,0.087,0.2174,0.4348,0.3478,-7.11,1,197,0.0882,158,273.49,281.64,246.81,14.11,-2.89,10.81,7.49,258.52,297.91,1.63,4,False,False,False,False,False,True,True,True,True,Bull regime; 20-day return ≥ +6%; Regime held ≥ 2 bars; Conviction ≥ 0.15
2026-09-29,COST,Costco,Sideways,0.0868,0.0868,0.5938,0.2465,0.1597,-2.07,3,505,0.1429,404,924.59,933.86,960.84,-2.81,-0.99,-3.77,15.71,893.16,975.83,1.63,4,False,False,False,True,False,True,True,True,False,Bull regime; 20-day return ≥ +6%; Conviction ≥ 0.15; SMA50 > SMA200
2026-09-29,HAL,Halliburton,Bear,0.0843,0.0843,0.3539,0.3652,0.2809,-15.56,4,683,0.0452,546,31.54,34.04,35.38,-3.78,-7.36,-10.86,0.94,29.66,34.6,1.63,4,False,False,False,True,False,True,True,True,False,Bull regime; 20-day return ≥ +6%; Conviction ≥ 0.15; SMA50 > SMA200
2026-09-29,CME,CME Group,Bear,0.0833,0.0833,0.6667,0.2083,0.125,-8.13,3,298,0.3158,238,263.22,269.53,278.56,-3.24,-2.34,-5.51,5.99,251.23,282.7,1.62,4,False,False,False,True,False,True,True,True,False,Bull regime; 20-day return ≥ +6%; Conviction ≥ 0.15; SMA50 > SMA200
2026-09-29,TSCO,Tractor Supply,Bear,0.0816,0.0816,0.3673,0.3571,0.2755,-10.22,10,409,0.0506,327,31.51,33.42,40.22,-16.91,-5.72,-21.66,1.01,29.49,34.79,1.62,4,False,False,False,True,False,True,True,True,False,Bull regime; 20-day return ≥ +6%; Conviction ≥ 0.15; SMA50 > SMA200
2026-09-29,DE,Deere & Company,Sideways,0.0801,0.0801,0.4985,0.2908,0.2107,3.83,1,683,0.1283,546,680.5,644.59,584.99,10.19,5.57,16.33,16.53,647.45,734.05,1.62,4,False,False,False,False,False,True,True,True,True,Bull regime; 20-day return ≥ +6%; Regime held ≥ 2 bars; Conviction ≥ 0.15
2026-09-29,LII,Lennox International,Bear,0.08,0.08,0.3867,0.3467,0.2667,-6.05,2,340,0.0469,272,360.16,412.66,488.76,-15.57,-12.72,-26.31,11.12,337.92,396.2,1.62,4,False,False,False,True,False,True,True,True,False,Bull regime; 20-day return ≥ +6%; Conviction ≥ 0.15; SMA50 > SMA200
2026-09-29,ACN,Accenture,Bear,0.0794,0.0794,0.4762,0.3016,0.2222,-6.89,3,315,0.2449,252,177.12,176.59,197.02,-10.37,0.3,-10.1,6.89,163.33,199.44,1.62,4,False,False,False,True,False,True,True,True,False,Bull regime; 20-day return ≥ +6%; Conviction ≥ 0.15; SMA50 > SMA200
2026-09-29,AKAM,Akamai Technologies,Sideways,0.0787,0.0787,0.3858,0.3465,0.2677,-0.16,4,337,-0.0115,269,108.45,112.76,111.36,1.26,-3.82,-2.61,6.51,95.44,129.51,1.62,4,False,False,False,True,False,True,True,False,True,Bull regime; 20-day return ≥ +6%; Conviction ≥ 0.15; Positive 25-day signal
2026-09-29,LNT,Alliant Energy,Bear,0.0778,0.0778,0.5889,0.2444,0.1667,-5.5,6,674,0.1571,539,64.34,68.72,70.32,-2.28,-6.38,-8.51,1.08,62.17,67.85,1.62,4,False,False,False,True,False,True,True,True,False,Bull regime; 20-day return ≥ +6%; Conviction ≥ 0.15; SMA50 > SMA200
2026-09-29,IBM,IBM,Bear,0.0774,0.0774,0.5179,0.2798,0.2024,-6.12,3,813,0.0771,650,219.99,230.96,256.8,-10.06,-4.75,-14.33,6.7,206.6,241.64,1.62,4,False,False,False,True,False,True,True,True,False,Bull regime; 20-day return ≥ +6%; Conviction ≥ 0.15; SMA50 > SMA200
2026-09-29,WDAY,"Workday, Inc.",Sideways,0.0769,0.0769,0.3692,0.3538,0.2769,-4.28,1,174,0.1081,139,189.17,182.65,157.75,15.79,3.57,19.92,7.82,173.52,214.45,1.62,4,False,False,False,False,False,True,True,True,True,Bull regime; 20-day return ≥ +6%; Regime held ≥ 2 bars; Conviction ≥ 0.15
2026-09-29,CAH,Cardinal Health,Sideways,0.0758,0.0758,0.5271,0.2744,0.1986,-4.67,1,542,0.1442,433,223.91,232.52,217.61,6.85,-3.7,2.89,5.11,213.69,240.4,1.61,4,False,False,False,False,False,True,True,True,True,Bull regime; 20-day return ≥ +6%; Regime held ≥ 2 bars; Conviction ≥ 0.15
2026-09-29,CCI,Crown Castle,Bear,0.0735,0.0735,0.3676,0.3529,0.2794,-12.68,6,352,0.1552,281,67.07,74.48,83.36,-10.65,-9.95,-19.54,1.9,63.26,73.2,1.61,4,False,False,False,True,False,True,True,True,False,Bull regime; 20-day return ≥ +6%; Conviction ≥ 0.15; SMA50 > SMA200
2026-09-29,UPS,United Parcel Service,Bear,0.0727,0.0727,0.5636,0.2545,0.1818,-10.41,7,337,0.1739,269,93.93,103.26,105.1,-1.75,-9.04,-10.63,2.19,89.55,100.97,1.61,4,False,False,False,True,False,True,True,True,False,Bull regime; 20-day return ≥ +6%; Conviction ≥ 0.15; SMA50 > SMA200
2026-09-29,ZTS,Zoetis,Bear,0.0714,0.0714,0.5714,0.25,0.1786,-9.23,7,170,0.12,136,70.3,74.71,99.09,-24.61,-5.9,-29.06,1.97,66.36,76.63,1.61,4,False,False,False,True,False,True,True,True,False,Bull regime; 20-day return ≥ +6%; Conviction ≥ 0.15; SMA50 > SMA200
2026-09-29,ON,ON Semiconductor,Sideways,0.0686,0.0686,0.3039,0.3824,0.3137,2.48,7,331,0.0777,264,75.95,77.28,80.08,-3.49,-1.72,-5.15,3.44,69.06,86.99,1.6,4,False,False,False,True,False,True,True,True,False,Bull regime; 20-day return ≥ +6%; Conviction ≥ 0.15; SMA50 > SMA200
2026-09-29,JKHY,Jack Henry & Associates,Bear,0.0667,0.0667,0.3619,0.3524,0.2857,-13.83,8,513,0.129,410,146.22,157.65,158.32,-0.42,-7.25,-7.64,4.44,137.34,160.43,1.6,4,False,False,False,True,False,True,True,True,False,Bull regime; 20-day return ≥ +6%; Conviction ≥ 0.15; SMA50 > SMA200
2026-09-29,AOS,A. O. Smith,Sideways,0.0661,0.0661,0.4903,0.2879,0.2218,-1.9,2,540,0.2095,432,58.02,60.31,64.54,-6.56,-3.79,-10.1,1.3,55.41,62.19,1.6,4,False,False,False,True,False,True,True,True,False,Bull regime; 20-day return ≥ +6%; Conviction ≥ 0.15; SMA50 > SMA200
2026-09-29,AEE,Ameren,Bear,0.0638,0.0638,0.7234,0.1702,0.1064,-5.59,6,360,0.0784,288,100.25,106.77,107.82,-0.97,-6.11,-7.02,1.57,97.11,105.26,1.6,4,False,False,False,True,False,True,True,True,False,Bull regime; 20-day return ≥ +6%; Conviction ≥ 0.15; SMA50 > SMA200
2026-09-29,BA,Boeing,Bear,0.0625,0.0625,0.4479,0.3073,0.2448,-10.17,21,813,0.1592,650,187.68,213.34,220.95,-3.44,-12.03,-15.06,6.14,175.4,207.25,1.59,4,False,False,False,True,False,True,True,True,False,Bull regime; 20-day return ≥ +6%; Conviction ≥ 0.15; SMA50 > SMA200
2026-09-29,L,Loews Corporation,Sideways,0.0603,0.0603,0.6712,0.1945,0.1342,-2.2,3,585,0.0,468,105.93,111.37,108.98,2.19,-4.89,-2.8,1.6,102.72,111.03,1.59,4,False,False,False,True,False,True,True,False,True,Bull regime; 20-day return ≥ +6%; Conviction ≥ 0.15; Positive 25-day signal
2026-09-29,FTNT,Fortinet,Sideways,0.0588,0.0588,0.4706,0.2941,0.2353,2.9,1,210,0.2267,168,175.96,162.17,117.11,38.47,8.5,50.25,6.63,162.7,197.03,1.59,4,False,False,False,False,False,True,True,True,True,Bull regime; 20-day return ≥ +6%; Regime held ≥ 2 bars; Conviction ≥ 0.15
2026-09-29,HD,Home Depot (The),Bear,0.0571,0.0571,0.4857,0.2857,0.2286,-12.94,20,566,0.0652,452,288.04,325.34,340.18,-4.36,-11.47,-15.33,6.65,274.74,309.12,1.59,4,False,False,False,True,False,True,True,True,False,Bull regime; 20-day return ≥ +6%; Conviction ≥ 0.15; SMA50 > SMA200
2026-09-29,PG,Procter & Gamble,Sideways,0.057,0.057,0.7323,0.1623,0.1054,2.18,60,813,0.0673,650,148.32,145.94,147.62,-1.14,1.63,0.48,2.37,143.58,155.84,1.59,4,False,False,False,True,False,True,True,True,False,Bull regime; 20-day return ≥ +6%; Conviction ≥ 0.15; SMA50 > SMA200
2026-09-29,CPT,Camden Property Trust,Bear,0.0556,0.0556,0.6481,0.2037,0.1481,-7.19,14,416,0.1091,333,98.46,106.75,107.03,-0.26,-7.77,-8.01,1.75,94.97,103.99,1.58,4,False,False,False,True,False,True,True,True,False,Bull regime; 20-day return ≥ +6%; Conviction ≥ 0.15; SMA50 > SMA200
2026-09-29,IRM,Iron Mountain,Sideways,0.0532,0.0532,0.4574,0.2979,0.2447,-3.39,1,384,0.2581,307,111.5,119.8,111.86,7.1,-6.93,-0.32,3.21,105.07,121.65,1.58,4,False,False,False,False,False,True,True,True,True,Bull regime; 20-day return ≥ +6%; Regime held ≥ 2 bars; Conviction ≥ 0.15
2026-09-29,DOV,Dover Corporation,Sideways,0.0526,0.0526,0.5066,0.273,0.2204,-2.36,2,585,0.1489,468,189.7,198.8,210.23,-5.44,-4.58,-9.77,4.13,181.44,202.74,1.58,4,False,False,False,True,False,True,True,True,False,Bull regime; 20-day return ≥ +6%; Conviction ≥ 0.15; SMA50 > SMA200
2026-09-29,WEC,WEC Energy Group,Sideways,0.0521,0.0521,0.7299,0.1611,0.109,-3.44,3,585,0.0482,468,102.58,107.34,111.32,-3.57,-4.44,-7.85,1.6,99.39,107.61,1.58,4,False,False,False,True,False,True,True,True,False,Bull regime; 20-day return ≥ +6%; Conviction ≥ 0.15; SMA50 > SMA200
2026-09-29,NFLX,Netflix,Bear,0.0513,0.0513,0.3077,0.3718,0.3205,-14.23,9,305,0.0984,244,70.3,75.6,84.46,-10.5,-7.01,-16.77,2.15,65.99,77.1,1.58,4,False,False,False,True,False,True,True,True,False,Bull regime; 20-day return ≥ +6%; Conviction ≥ 0.15; SMA50 > SMA200
2026-09-29,APTV,Aptiv,Sideways,0.0482,0.0482,0.3976,0.3253,0.2771,-3.15,3,185,0.0732,148,43.37,48.51,63.84,-24.02,-10.59,-32.07,1.48,40.41,48.02,1.57,4,False,False,False,True,False,True,True,True,False,Bull regime; 20-day return ≥ +6%; Conviction ≥ 0.15; SMA50 > SMA200
2026-09-29,CHRW,C.H. Robinson,Sideways,0.0466,0.0466,0.5492,0.2487,0.2021,0.03,6,363,0.0968,290,149.71,154.62,172.38,-10.31,-3.17,-13.15,4.09,141.52,162.56,1.57,4,False,False,False,True,False,True,True,True,False,Bull regime; 20-day return ≥ +6%; Conviction ≥ 0.15; SMA50 > SMA200
2026-09-29,CI,Cigna,Sideways,0.0464,0.0464,0.4821,0.2821,0.2357,-0.3,3,559,0.1971,447,275.26,279.99,280.02,-0.01,-1.69,-1.7,6.4,262.46,295.36,1.57,4,False,False,False,True,False,True,True,True,False,Bull regime; 20-day return ≥ +6%; Conviction ≥ 0.15; SMA50 > SMA200
2026-09-29,NRG,NRG Energy,Bear,0.0435,0.0435,0.4058,0.3188,0.2754,-12.51,14,286,0.1695,228,97.17,116.75,141.88,-17.71,-16.77,-31.51,4.05,89.08,109.84,1.57,4,False,False,False,True,False,True,True,True,False,Bull regime; 20-day return ≥ +6%; Conviction ≥ 0.15; SMA50 > SMA200
2026-09-29,ED,Consolidated Edison,Sideways,0.0358,0.0358,0.7526,0.1416,0.1058,-3.51,3,813,0.03,650,103.33,107.58,107.82,-0.22,-3.95,-4.16,1.59,100.14,108.28,1.55,4,False,False,False,True,False,True,True,True,False,Bull regime; 20-day return ≥ +6%; Conviction ≥ 0.15; SMA50 > SMA200
2026-09-29,TPR,"Tapestry, Inc.",Bear,0.0349,0.0349,0.3837,0.3256,0.2907,-7.81,33,325,0.1143,260,114.12,131.99,138.71,-4.85,-13.54,-17.73,3.51,107.11,125.01,1.55,4,False,False,False,True,False,True,True,True,False,Bull regime; 20-day return ≥ +6%; Conviction ≥ 0.15; SMA50 > SMA200
2026-09-29,HON,Honeywell Technologies,Sideways,0.0335,0.0335,0.6143,0.2096,0.1761,-1.61,7,813,0.0613,650,210.13,222.94,230.32,-3.2,-5.75,-8.76,4.5,201.14,224.07,1.55,4,False,False,False,True,False,True,True,True,False,Bull regime; 20-day return ≥ +6%; Conviction ≥ 0.15; SMA50 > SMA200
2026-09-29,CBOE,Cboe Global Markets,Bear,0.0323,0.0323,0.5161,0.2581,0.2258,-13.71,11,203,-0.0938,162,261.75,288.04,286.73,0.46,-9.13,-8.71,10.75,240.25,295.05,1.55,4,False,False,False,True,False,True,True,False,True,Bull regime; 20-day return ≥ +6%; Conviction ≥ 0.15; Positive 25-day signal
2026-09-29,CDW,CDW Corporation,Bear,-0.0303,0.0303,0.3636,0.303,0.3333,-15.58,3,165,0.0769,132,129.71,142.26,131.84,7.91,-8.82,-1.62,5.92,117.88,147.99,1.55,4,False,False,False,True,False,False,True,True,True,Bull regime; 20-day return ≥ +6%; Conviction ≥ 0.15; Positive signal
2026-09-29,CNP,CenterPoint Energy,Bear,0.0294,0.0294,0.5735,0.2279,0.1985,-6.95,4,813,0.1057,650,36.94,40.06,41.39,-3.22,-7.79,-10.75,0.65,35.64,38.94,1.54,4,False,False,False,True,False,True,True,True,False,Bull regime; 20-day return ≥ +6%; Conviction ≥ 0.15; SMA50 > SMA200
2026-09-29,MOS,Mosaic Company (The),Bear,0.0272,0.0272,0.4014,0.3129,0.2857,-7.31,2,486,0.0763,388,22.42,23.61,24.55,-3.84,-5.04,-8.69,1.03,20.36,25.6,1.54,4,False,False,False,True,False,True,True,True,False,Bull regime; 20-day return ≥ +6%; Conviction ≥ 0.15; SMA50 > SMA200
2026-09-29,GIS,General Mills,Bear,0.0241,0.0241,0.6386,0.1928,0.1687,-19.74,9,585,0.1467,468,33.82,37.47,39.02,-3.99,-9.73,-13.34,1.08,31.66,37.14,1.54,4,False,False,False,True,False,True,True,True,False,Bull regime; 20-day return ≥ +6%; Conviction ≥ 0.15; SMA50 > SMA200
2026-09-29,HCA,HCA Healthcare,Sideways,0.0227,0.0227,0.4091,0.3068,0.2841,4.06,7,194,0.2,155,431.63,413.44,446.79,-7.47,4.4,-3.39,12.89,405.86,471.17,1.53,4,False,False,False,True,False,True,True,True,False,Bull regime; 20-day return ≥ +6%; Conviction ≥ 0.15; SMA50 > SMA200
2026-09-29,AXON,Axon Enterprise,Bear,-0.0217,0.0217,0.3043,0.337,0.3587,-30.03,17,316,0.1605,253,419.58,534.52,499.16,7.08,-21.5,-15.94,23.63,372.33,492.0,1.53,4,False,False,False,True,False,False,True,True,True,Bull regime; 20-day return ≥ +6%; Conviction ≥ 0.15; Positive signal
2026-09-29,MET,MetLife,Sideways,0.0204,0.0204,0.6122,0.2041,0.1837,0.03,36,331,-0.0074,265,95.2,96.36,83.57,15.31,-1.2,13.92,1.89,91.42,100.99,1.53,4,False,False,False,True,False,True,True,False,True,Bull regime; 20-day return ≥ +6%; Conviction ≥ 0.15; Positive 25-day signal
2026-09-29,BAX,Baxter International,Bear,-0.0196,0.0196,0.4706,0.2549,0.2745,-10.19,21,565,0.0619,451,23.48,25.14,20.76,21.09,-6.61,13.09,0.74,22.0,25.74,1.53,4,False,False,False,True,False,False,True,True,True,Bull regime; 20-day return ≥ +6%; Conviction ≥ 0.15; Positive signal
2026-09-29,FIS,Fidelity National Information Services,Bear,0.0196,0.0196,0.5098,0.2549,0.2353,-20.09,16,316,0.0769,253,33.35,40.39,47.3,-14.61,-17.42,-29.49,1.17,31.0,36.94,1.53,4,False,False,False,True,False,True,True,True,False,Bull regime; 20-day return ≥ +6%; Conviction ≥ 0.15; SMA50 > SMA200
2026-09-29,EXC,Exelon,Bear,0.0187,0.0187,0.5888,0.215,0.1963,-7.28,6,672,0.1444,537,40.65,44.25,45.69,-3.15,-8.13,-11.03,0.72,39.21,42.86,1.53,4,False,False,False,True,False,True,True,True,False,Bull regime; 20-day return ≥ +6%; Conviction ≥ 0.15; SMA50 > SMA200
2026-09-29,CMI,Cummins,Bear,0.0184,0.0184,0.3804,0.319,0.3006,-7.93,23,674,0.0362,539,521.37,589.22,603.29,-2.33,-11.52,-13.58,14.48,492.41,565.61,1.53,4,False,False,False,True,False,True,True,True,False,Bull regime; 20-day return ≥ +6%; Conviction ≥ 0.15; SMA50 > SMA200
2026-09-29,GM,General Motors,Bear,-0.0167,0.0167,0.45,0.2667,0.2833,-7.02,2,198,0.0667,158,80.47,85.58,80.72,6.01,-5.97,-0.31,2.52,75.43,88.16,1.52,4,False,False,False,True,False,False,True,True,True,Bull regime; 20-day return ≥ +6%; Conviction ≥ 0.15; Positive signal
2026-09-29,HUBB,Hubbell Incorporated,Sideways,0.0163,0.0163,0.8171,0.0996,0.0833,1.34,8,677,0.0362,541,459.09,473.47,487.59,-2.9,-3.04,-5.85,12.53,434.02,497.31,1.52,4,False,False,False,True,False,True,True,True,False,Bull regime; 20-day return ≥ +6%; Conviction ≥ 0.15; SMA50 > SMA200
2026-09-29,ADBE,Adobe Inc.,Bear,0.015,0.015,0.3684,0.3233,0.3083,-22.77,9,504,0.0588,403,233.17,257.26,261.57,-1.65,-9.36,-10.86,9.26,214.64,261.38,1.52,4,False,False,False,True,False,True,True,True,False,Bull regime; 20-day return ≥ +6%; Conviction ≥ 0.15; SMA50 > SMA200
2026-09-29,VEEV,Veeva Systems,Sideways,-0.0143,0.0143,0.4429,0.2714,0.2857,-2.52,3,161,0.1373,129,278.57,244.99,200.39,22.26,13.71,39.02,8.66,261.26,304.91,1.52,4,False,False,False,True,False,False,True,True,True,Bull regime; 20-day return ≥ +6%; Conviction ≥ 0.15; Positive signal
2026-09-29,DD,DuPont,Sideways,0.0117,0.0117,0.5146,0.2485,0.2368,-3.38,2,683,0.0412,546,130.12,136.01,137.54,-1.11,-4.33,-5.4,2.74,124.65,138.42,1.52,4,False,False,False,True,False,True,True,True,False,Bull regime; 20-day return ≥ +6%; Conviction ≥ 0.15; SMA50 > SMA200
2026-09-29,HSY,Hershey Company (The),Bear,0.0112,0.0112,0.6292,0.191,0.1798,-8.77,17,585,0.0704,468,161.41,176.98,191.32,-7.49,-8.8,-15.63,3.38,154.65,171.66,1.52,4,False,False,False,True,False,True,True,True,False,Bull regime; 20-day return ≥ +6%; Conviction ≥ 0.15; SMA50 > SMA200
2026-09-29,LMT,Lockheed Martin,Bear,0.0106,0.0106,0.4574,0.2766,0.266,-9.14,20,813,0.0464,650,512.21,557.55,562.48,-0.88,-8.13,-8.94,12.3,487.61,549.5,1.52,4,False,False,False,True,False,True,True,True,False,Bull regime; 20-day return ≥ +6%; Conviction ≥ 0.15; SMA50 > SMA200
2026-09-29,DVN,Devon Energy,Sideways,0.0101,0.0101,0.404,0.303,0.2929,-4.02,10,517,-0.021,414,46.6,46.79,44.45,5.28,-0.42,4.84,1.45,43.71,50.98,1.52,4,False,False,False,True,False,True,True,False,True,Bull regime; 20-day return ≥ +6%; Conviction ≥ 0.15; Positive 25-day signal
2026-09-29,AEP,American Electric Power,Sideways,0.0092,0.0092,0.6734,0.1679,0.1587,-2.59,24,813,0.046,650,119.3,124.66,126.98,-1.83,-4.3,-6.05,1.96,115.38,125.24,1.51,4,False,False,False,True,False,True,True,True,False,Bull regime; 20-day return ≥ +6%; Conviction ≥ 0.15; SMA50 > SMA200
2026-09-29,VRTX,Vertex Pharmaceuticals,Sideways,-0.0062,0.0062,0.4136,0.2901,0.2963,-3.32,4,441,0.0917,353,526.73,516.07,472.72,9.17,2.07,11.43,12.09,502.56,563.21,1.51,4,False,False,False,True,False,False,True,True,True,Bull regime; 20-day return ≥ +6%; Conviction ≥ 0.15; Positive signal
2026-09-29,INVH,Invitation Homes,Bear,0.0,0.0,0.6,0.2,0.2,-9.23,19,120,0.2667,96,26.57,28.97,27.85,3.99,-8.27,-4.61,0.43,25.71,27.86,1.5,4,False,False,False,True,False,False,True,True,True,Bull regime; 20-day return ≥ +6%; Conviction ≥ 0.15; Positive signal
2026-09-29,GS,Goldman Sachs,Bear,0.0,0.0,0.375,0.3125,0.3125,-11.3,12,343,0.2537,274,916.24,1014.96,959.65,5.76,-9.73,-4.52,25.47,865.3,992.64,1.5,4,False,False,False,True,False,False,True,True,True,Bull regime; 20-day return ≥ +6%; Conviction ≥ 0.15; Positive signal
2026-09-29,BAC,Bank of America,Bear,0.0,0.0,0.4118,0.2941,0.2941,-11.96,12,674,0.1484,539,54.96,61.31,55.32,10.84,-10.36,-0.65,1.19,52.58,58.53,1.5,4,False,False,False,True,False,False,True,True,True,Bull regime; 20-day return ≥ +6%; Conviction ≥ 0.15; Positive signal
2026-09-29,AIZ,Assurant,Bear,0.0,0.0,0.5814,0.2093,0.2093,-6.68,6,283,0.0833,226,263.65,280.76,249.91,12.35,-6.1,5.5,5.71,252.22,280.79,1.5,4,False,False,False,True,False,False,True,True,True,Bull regime; 20-day return ≥ +6%; Conviction ≥ 0.15; Positive signal
2026-09-29,WTW,Willis Towers Watson,Bear,0.0,0.0,0.6957,0.1522,0.1522,-15.97,9,317,0.0789,253,288.57,323.41,299.36,8.03,-10.77,-3.61,7.37,273.84,310.67,1.5,4,False,False,False,True,False,False,True,True,True,Bull regime; 20-day return ≥ +6%; Conviction ≥ 0.15; Positive signal
2026-09-29,HII,Huntington Ingalls Industries,Bear,0.1389,0.1389,0.4167,0.3611,0.2222,-11.47,23,194,0.0,155,259.64,294.77,344.95,-14.55,-11.92,-24.73,7.15,245.35,284.05,1.71,3,False,False,False,True,False,True,True,False,False,Bull regime; 20-day return ≥ +6%; Conviction ≥ 0.15; Positive 25-day signal; SMA50 > SMA200
2026-09-29,UDR,"UDR, Inc.",Bear,0.1176,0.1176,0.5529,0.2824,0.1647,-8.47,15,585,-0.0441,468,33.95,36.87,37.03,-0.42,-7.93,-8.31,0.57,32.8,35.87,1.68,3,False,False,False,True,False,True,True,False,False,Bull regime; 20-day return ≥ +6%; Conviction ≥ 0.15; Positive 25-day signal; SMA50 > SMA200
2026-09-29,BR,Broadridge Financial Solutions,Bear,-0.1163,0.1163,0.4186,0.2326,0.3488,-12.5,9,244,0.0882,195,160.95,167.55,172.17,-2.69,-3.94,-6.52,4.23,152.49,175.12,1.67,3,False,False,False,True,False,False,True,True,False,Bull regime; 20-day return ≥ +6%; Conviction ≥ 0.15; Positive signal; SMA50 > SMA200
2026-09-29,T,AT&T,Bear,0.1084,0.1084,0.5783,0.2651,0.1566,-5.6,1,538,0.0878,430,24.48,24.87,25.15,-1.12,-1.58,-2.67,0.57,23.34,26.38,1.66,3,False,False,False,False,False,True,True,True,False,Bull regime; 20-day return ≥ +6%; Regime held ≥ 2 bars; Conviction ≥ 0.15; SMA50 > SMA200
2026-09-29,WMT,Walmart,Sideways,0.0954,0.0954,0.6211,0.2371,0.1418,1.82,1,680,0.1514,544,106.8,109.17,118.5,-7.88,-2.17,-9.88,2.23,102.34,114.13,1.64,3,False,False,False,False,False,True,True,True,False,Bull regime; 20-day return ≥ +6%; Regime held ≥ 2 bars; Conviction ≥ 0.15; SMA50 > SMA200
2026-09-29,LVS,Las Vegas Sands,Bear,0.0864,0.0864,0.3951,0.3457,0.2593,-13.39,15,273,-0.0135,218,38.32,44.39,52.16,-14.9,-13.67,-26.53,1.02,36.28,41.64,1.63,3,False,False,False,True,False,True,True,False,False,Bull regime; 20-day return ≥ +6%; Conviction ≥ 0.15; Positive 25-day signal; SMA50 > SMA200
2026-09-29,LEN,Lennar,Sideways,0.083,0.083,0.4357,0.3237,0.2407,-1.32,1,585,0.0152,468,83.01,83.77,94.84,-11.67,-0.91,-12.47,2.6,77.82,91.44,1.62,3,False,False,False,False,False,True,True,True,False,Bull regime; 20-day return ≥ +6%; Regime held ≥ 2 bars; Conviction ≥ 0.15; SMA50 > SMA200
2026-09-29,EIX,Edison International,Sideways,0.0795,0.0795,0.6554,0.212,0.1325,-0.78,1,672,0.1196,537,53.56,65.9,68.25,-3.45,-18.73,-21.53,2.25,49.07,60.83,1.62,3,False,False,False,False,False,True,True,True,False,Bull regime; 20-day return ≥ +6%; Regime held ≥ 2 bars; Conviction ≥ 0.15; SMA50 > SMA200
2026-09-29,JBL,Jabil,Sideways,0.0735,0.0735,0.3529,0.3603,0.2868,4.35,1,419,-0.043,335,318.84,318.22,300.59,5.87,0.19,6.07,12.19,294.46,358.1,1.61,3,False,False,False,False,False,True,True,False,True,Bull regime; 20-day return ≥ +6%; Regime held ≥ 2 bars; Conviction ≥ 0.15; Positive 25-day signal
2026-09-29,ECHO,EchoStar,Sideways,0.0652,0.0652,0.4565,0.3043,0.2391,3.91,3,234,-0.0351,187,89.89,89.65,108.95,-17.71,0.27,-17.49,2.89,84.1,99.14,1.6,3,False,False,False,True,False,True,True,False,False,Bull regime; 20-day return ≥ +6%; Conviction ≥ 0.15; Positive 25-day signal; SMA50 > SMA200
2026-09-29,TEL,TE Connectivity,Sideways,0.0635,0.0635,0.5556,0.254,0.1905,3.51,1,241,0.1724,193,212.59,208.44,214.64,-2.89,1.99,-0.95,5.81,200.98,231.11,1.6,3,False,False,False,False,False,True,True,True,False,Bull regime; 20-day return ≥ +6%; Regime held ≥ 2 bars; Conviction ≥ 0.15; SMA50 > SMA200
2026-09-29,CCL,Carnival Corporation,Sideways,0.0625,0.0625,0.4087,0.3269,0.2644,4.98,1,492,0.0596,393,25.11,25.31,27.52,-8.03,-0.81,-8.77,0.95,23.22,28.12,1.59,3,False,False,False,False,False,True,True,True,False,Bull regime; 20-day return ≥ +6%; Regime held ≥ 2 bars; Conviction ≥ 0.15; SMA50 > SMA200
2026-09-29,AIG,American International Group,Sideways,0.059,0.059,0.5421,0.2584,0.1994,-1.44,1,676,0.0642,540,75.27,76.82,77.25,-0.56,-2.02,-2.57,1.49,72.28,80.02,1.59,3,False,False,False,False,False,True,True,True,False,Bull regime; 20-day return ≥ +6%; Regime held ≥ 2 bars; Conviction ≥ 0.15; SMA50 > SMA200
2026-09-29,LULU,Lululemon Athletica,Bear,0.0588,0.0588,0.3824,0.3382,0.2794,-21.63,17,240,-0.0179,191,96.87,113.02,146.51,-22.86,-14.29,-33.88,4.38,88.12,110.77,1.59,3,False,False,False,True,False,True,True,False,False,Bull regime; 20-day return ≥ +6%; Conviction ≥ 0.15; Positive 25-day signal; SMA50 > SMA200
2026-09-29,ALGN,Align Technology,Bear,0.0543,0.0543,0.3152,0.3696,0.3152,-10.4,5,321,-0.1923,257,144.01,161.84,170.6,-5.13,-11.02,-15.59,4.86,134.29,159.38,1.58,3,False,False,False,True,False,True,True,False,False,Bull regime; 20-day return ≥ +6%; Conviction ≥ 0.15; Positive 25-day signal; SMA50 > SMA200
2026-09-29,KMI,Kinder Morgan,Bear,0.0526,0.0526,0.4737,0.2895,0.2368,-5.71,1,195,-0.0133,156,30.45,31.59,31.4,0.6,-3.61,-3.03,0.67,29.1,32.58,1.58,3,False,False,False,False,False,True,True,False,True,Bull regime; 20-day return ≥ +6%; Regime held ≥ 2 bars; Conviction ≥ 0.15; Positive 25-day signal
2026-09-29,DUK,Duke Energy,Sideways,0.0525,0.0525,0.7232,0.1647,0.1122,-4.87,1,585,0.1912,468,114.21,121.69,124.03,-1.88,-6.15,-7.92,1.65,110.92,119.41,1.58,3,False,False,False,False,False,True,True,True,False,Bull regime; 20-day return ≥ +6%; Regime held ≥ 2 bars; Conviction ≥ 0.15; SMA50 > SMA200
2026-09-29,TRMB,Trimble Inc.,Sideways,0.0516,0.0516,0.3806,0.3355,0.2839,-4.43,1,454,0.11,363,57.34,57.85,63.03,-8.22,-0.88,-9.03,1.59,54.17,62.35,1.58,3,False,False,False,False,False,True,True,True,False,Bull regime; 20-day return ≥ +6%; Regime held ≥ 2 bars; Conviction ≥ 0.15; SMA50 > SMA200
2026-09-29,TXT,Textron,Sideways,0.0487,0.0487,0.5215,0.2636,0.2149,-3.7,1,674,0.2222,539,77.63,84.05,89.76,-6.36,-7.64,-13.52,1.78,74.07,83.23,1.57,3,False,False,False,False,False,True,True,True,False,Bull regime; 20-day return ≥ +6%; Regime held ≥ 2 bars; Conviction ≥ 0.15; SMA50 > SMA200
2026-09-29,KKR,KKR & Co.,Bear,-0.0476,0.0476,0.3333,0.3095,0.3571,-16.34,15,202,0.0769,162,93.18,103.64,103.68,-0.04,-10.09,-10.13,3.15,86.88,103.09,1.57,3,False,False,False,True,False,False,True,True,False,Bull regime; 20-day return ≥ +6%; Conviction ≥ 0.15; Positive signal; SMA50 > SMA200
2026-09-29,RCL,Royal Caribbean Group,Sideways,0.0467,0.0467,0.4467,0.3,0.2533,-3.05,1,419,0.1494,335,260.67,282.96,287.07,-1.43,-7.88,-9.2,10.51,239.64,293.68,1.57,3,False,False,False,False,False,True,True,True,False,Bull regime; 20-day return ≥ +6%; Regime held ≥ 2 bars; Conviction ≥ 0.15; SMA50 > SMA200
2026-09-29,TYL,Tyler Technologies,Bear,0.0448,0.0448,0.4328,0.306,0.2612,-16.29,7,585,-0.0417,468,316.26,334.14,347.4,-3.82,-5.35,-8.96,12.33,291.61,354.9,1.57,3,False,False,False,True,False,True,True,False,False,Bull regime; 20-day return ≥ +6%; Conviction ≥ 0.15; Positive 25-day signal; SMA50 > SMA200
2026-09-29,NOC,Northrop Grumman,Bear,-0.0426,0.0426,0.5957,0.1809,0.2234,-6.72,6,562,0.1264,450,504.61,540.67,599.64,-9.83,-6.67,-15.85,11.41,481.79,540.29,1.56,3,False,False,False,True,False,False,True,True,False,Bull regime; 20-day return ≥ +6%; Conviction ≥ 0.15; Positive signal; SMA50 > SMA200
2026-09-29,PCG,PG&E Corporation,Bear,-0.0412,0.0412,0.5876,0.1856,0.2268,-8.57,21,683,0.0326,546,12.18,15.8,16.57,-4.66,-22.91,-26.5,0.59,11.01,14.01,1.56,3,False,False,False,True,False,False,True,True,False,Bull regime; 20-day return ≥ +6%; Conviction ≥ 0.15; Positive signal; SMA50 > SMA200
2026-09-29,F,Ford Motor Company,Bear,-0.0355,0.0355,0.432,0.2663,0.3018,-12.52,9,683,-0.0476,546,12.3,13.92,13.52,2.95,-11.61,-9.0,0.39,11.52,13.51,1.55,3,False,False,False,True,False,False,True,False,True,Bull regime; 20-day return ≥ +6%; Conviction ≥ 0.15; Positive signal; Positive 25-day signal
2026-09-29,SRE,Sempra,Sideways,0.0329,0.0329,0.6955,0.1687,0.1358,-4.4,1,354,0.2766,283,78.18,84.88,90.2,-5.9,-7.9,-13.33,1.66,74.87,83.31,1.55,3,False,False,False,False,False,True,True,True,False,Bull regime; 20-day return ≥ +6%; Regime held ≥ 2 bars; Conviction ≥ 0.15; SMA50 > SMA200
2026-09-29,NI,NiSource,Sideways,0.0234,0.0234,0.7383,0.1426,0.1191,-3.99,3,674,0.0,539,39.32,42.1,44.88,-6.2,-6.6,-12.39,0.66,38.01,41.33,1.54,3,False,False,False,True,False,True,True,False,False,Bull regime; 20-day return ≥ +6%; Conviction ≥ 0.15; Positive 25-day signal; SMA50 > SMA200
2026-09-29,PNW,Pinnacle West Capital,Sideways,0.0222,0.0222,0.6889,0.1667,0.1444,-4.44,1,674,0.0377,539,93.4,98.6,98.95,-0.36,-5.27,-5.61,1.67,90.05,98.53,1.53,3,False,False,False,False,False,True,True,True,False,Bull regime; 20-day return ≥ +6%; Regime held ≥ 2 bars; Conviction ≥ 0.15; SMA50 > SMA200
2026-09-29,NCLH,Norwegian Cruise Line Holdings,Bear,-0.0213,0.0213,0.3404,0.3191,0.3404,-8.67,31,171,0.2619,136,14.8,17.04,19.53,-12.76,-13.16,-24.23,0.62,13.55,16.71,1.53,3,False,False,False,True,False,False,True,True,False,Bull regime; 20-day return ≥ +6%; Conviction ≥ 0.15; Positive signal; SMA50 > SMA200
2026-09-29,CIEN,Ciena,Bear,-0.0168,0.0168,0.2773,0.3529,0.3697,-7.56,5,371,0.129,297,354.92,375.79,389.1,-3.42,-5.55,-8.78,21.81,311.3,421.45,1.53,3,False,False,False,True,False,False,True,True,False,Bull regime; 20-day return ≥ +6%; Conviction ≥ 0.15; Positive signal; SMA50 > SMA200
2026-09-29,AXP,American Express,Bear,0.0139,0.0139,0.4444,0.2847,0.2708,-7.8,10,683,-0.016,546,305.4,330.08,333.44,-1.01,-7.48,-8.41,5.96,293.49,323.52,1.52,3,False,False,False,True,False,True,True,False,False,Bull regime; 20-day return ≥ +6%; Conviction ≥ 0.15; Positive 25-day signal; SMA50 > SMA200
2026-09-29,HRL,Hormel Foods,Bear,0.0,0.0,0.6,0.2,0.2,-9.6,27,585,0.1013,468,19.85,22.98,23.22,-1.06,-13.6,-14.52,0.48,18.89,21.29,1.5,3,False,False,False,True,False,False,True,True,False,Bull regime; 20-day return ≥ +6%; Conviction ≥ 0.15; Positive signal; SMA50 > SMA200
2026-09-29,VLTO,Veralto,Sideways,0.0,0.0,0.6522,0.1739,0.1739,-1.97,7,36,0.0588,28,96.65,96.34,93.06,3.53,0.32,3.86,1.71,93.24,101.77,1.5,3,False,False,False,True,False,False,False,True,True,Bull regime; 20-day return ≥ +6%; Conviction ≥ 0.15; Positive signal; At least 90 transitions
2026-09-29,DOW,Dow Inc.,Bear,0.0,0.0,0.5,0.25,0.25,-10.02,9,93,0.05,74,27.61,30.01,31.95,-6.06,-8.0,-13.58,0.92,25.78,30.36,1.5,3,False,False,False,True,False,False,True,True,False,Bull regime; 20-day return ≥ +6%; Conviction ≥ 0.15; Positive signal; SMA50 > SMA200
2026-09-29,LHX,L3Harris,Bear,0.0,0.0,0.392,0.304,0.304,-11.86,20,562,0.0268,450,236.47,268.16,311.37,-13.88,-11.82,-24.06,5.61,225.25,253.29,1.5,3,False,False,False,True,False,False,True,True,False,Bull regime; 20-day return ≥ +6%; Conviction ≥ 0.15; Positive signal; SMA50 > SMA200
2026-09-29,PHM,PulteGroup,Bear,0.0,0.0,0.2941,0.3529,0.3529,-6.39,17,585,0.0,468,118.5,125.54,124.84,0.56,-5.61,-5.08,3.01,112.48,127.53,1.5,3,False,False,False,True,False,False,True,False,True,Bull regime; 20-day return ≥ +6%; Conviction ≥ 0.15; Positive signal; Positive 25-day signal
2026-09-29,FTV,Fortive,Bear,0.0,0.0,0.4286,0.2857,0.2857,-6.01,20,127,-0.0556,101,55.41,58.68,58.27,0.7,-5.57,-4.91,1.1,53.2,58.72,1.5,3,False,False,False,True,False,False,True,False,True,Bull regime; 20-day return ≥ +6%; Conviction ≥ 0.15; Positive signal; Positive 25-day signal
2026-09-29,RDDT,Reddit,Sideways,1.0,1.0,0.0,1.0,0.0,-1.67,1,30,0.0,24,145.36,158.03,169.74,-6.9,-8.02,-14.36,7.53,130.3,190.54,3.0,2,False,False,False,False,True,True,False,False,False,Bull regime; 20-day return ≥ +6%; Regime held ≥ 2 bars; At least 90 transitions; Positive 25-day signal; SMA50 > SMA200
2026-09-29,PSKY,Paramount Skydance Corporation,Bear,-0.137,0.137,0.3425,0.2603,0.3973,-8.81,5,260,-0.0267,208,9.99,9.83,10.62,-7.43,1.59,-5.95,0.51,8.96,11.74,1.71,2,False,False,False,True,False,False,True,False,False,Bull regime; 20-day return ≥ +6%; Conviction ≥ 0.15; Positive signal; Positive 25-day signal; SMA50 > SMA200
2026-09-29,PLTR,Palantir Technologies,Sideways,-0.125,0.125,0.125,0.375,0.5,0.32,3,74,-0.0455,59,186.97,166.07,152.05,9.22,12.58,22.97,6.51,173.94,208.95,1.69,2,False,False,False,True,False,False,False,False,True,Bull regime; 20-day return ≥ +6%; Conviction ≥ 0.15; Positive signal; At least 90 transitions; Positive 25-day signal
2026-09-29,FSLR,First Solar,Bear,-0.0741,0.0741,0.2593,0.3333,0.4074,-13.2,5,248,-0.0455,198,176.93,209.49,225.54,-7.12,-15.54,-21.55,9.63,157.67,207.96,1.61,2,False,False,False,True,False,False,True,False,False,Bull regime; 20-day return ≥ +6%; Conviction ≥ 0.15; Positive signal; Positive 25-day signal; SMA50 > SMA200
2026-09-29,CMS,CMS Energy,Bear,-0.0645,0.0645,0.5484,0.1935,0.2581,-7.01,12,674,0.0,539,63.45,69.03,72.93,-5.35,-8.08,-13.0,1.04,61.36,66.78,1.6,2,False,False,False,True,False,False,True,False,False,Bull regime; 20-day return ≥ +6%; Conviction ≥ 0.15; Positive signal; Positive 25-day signal; SMA50 > SMA200
2026-09-29,PPL,PPL Corporation,Sideways,0.0522,0.0522,0.6658,0.1932,0.141,-4.65,1,585,-0.0241,468,32.58,34.63,36.12,-4.13,-5.92,-9.81,0.54,31.49,34.29,1.58,2,False,False,False,False,False,True,True,False,False,Bull regime; 20-day return ≥ +6%; Regime held ≥ 2 bars; Conviction ≥ 0.15; Positive 25-day signal; SMA50 > SMA200
2026-09-29,CEG,Constellation Energy,Sideways,0.05,0.05,0.35,0.35,0.3,-3.78,1,57,0.7692,46,264.58,272.32,289.38,-5.89,-2.84,-8.57,9.0,246.58,292.92,1.58,2,False,False,False,False,False,True,False,True,False,Bull regime; 20-day return ≥ +6%; Regime held ≥ 2 bars; Conviction ≥ 0.15; At least 90 transitions; SMA50 > SMA200
2026-09-29,TPL,Texas Pacific Land Corporation,Bear,-0.0242,0.0242,0.4758,0.25,0.2742,-13.0,5,585,-0.1284,468,328.7,370.72,396.28,-6.45,-11.34,-17.05,14.4,299.89,372.95,1.54,2,False,False,False,True,False,False,True,False,False,Bull regime; 20-day return ≥ +6%; Conviction ≥ 0.15; Positive signal; Positive 25-day signal; SMA50 > SMA200
2026-09-29,DHI,D. R. Horton,Sideways,0.0231,0.0231,0.3757,0.3237,0.3006,-3.63,1,430,-0.0225,344,139.4,144.54,148.82,-2.88,-3.56,-6.33,3.6,132.2,150.45,1.53,2,False,False,False,False,False,True,True,False,False,Bull regime; 20-day return ≥ +6%; Regime held ≥ 2 bars; Conviction ≥ 0.15; Positive 25-day signal; SMA50 > SMA200
2026-09-29,FE,FirstEnergy,Sideways,0.0,0.0,0.6567,0.1717,0.1717,-4.96,1,362,0.16,289,43.64,46.7,47.44,-1.58,-6.54,-8.02,0.72,42.19,45.81,1.5,2,False,False,False,False,False,False,True,True,False,Bull regime; 20-day return ≥ +6%; Regime held ≥ 2 bars; Conviction ≥ 0.15; Positive signal; SMA50 > SMA200
2026-09-29,DASH,DoorDash,Bear,0.0,0.0,0.3636,0.3182,0.3182,-21.4,15,71,-0.1579,57,187.1,205.44,187.35,9.66,-8.93,-0.13,8.12,170.87,211.45,1.5,2,False,False,False,True,False,False,False,False,True,Bull regime; 20-day return ≥ +6%; Conviction ≥ 0.15; Positive signal; At least 90 transitions; Positive 25-day signal
2026-09-29,EXE,Expand Energy,Bear,-0.0714,0.0714,0.6429,0.1429,0.2143,-15.36,10,69,-0.0833,55,84.18,93.38,98.82,-5.5,-9.86,-14.81,2.35,79.49,91.72,1.61,1,False,False,False,True,False,False,False,False,False,Bull regime; 20-day return ≥ +6%; Conviction ≥ 0.15; Positive signal; At least 90 transitions; Positive 25-day signal; SMA50 > SMA200
2026-09-29,CARR,Carrier Global,Bear,-0.0556,0.0556,0.3889,0.2778,0.3333,-5.0,2,81,-0.0625,64,55.38,60.27,61.6,-2.16,-8.11,-10.09,1.63,52.13,60.53,1.58,1,False,False,False,True,False,False,False,False,False,Bull regime; 20-day return ≥ +6%; Conviction ≥ 0.15; Positive signal; At least 90 transitions; Positive 25-day signal; SMA50 > SMA200
2026-09-29,GEHC,GE HealthCare,Bear,0.0,0.0,0.6,0.2,0.2,-6.93,16,46,0.0,36,66.46,68.55,71.58,-4.23,-3.05,-7.15,1.51,63.44,70.99,1.5,1,False,False,False,True,False,False,False,False,False,Bull regime; 20-day return ≥ +6%; Conviction ≥ 0.15; Positive signal; At least 90 transitions; Positive 25-day signal; SMA50 > SMA200
2026-09-29,COIN,Coinbase,Sideways,0.0,0.0,0.2727,0.3636,0.3636,1.0,1,67,-0.1053,53,190.02,171.72,186.55,-7.95,10.65,1.86,11.04,167.95,223.13,1.5,0,False,False,False,False,False,False,False,False,False,Bull regime; 20-day return ≥ +6%; Regime held ≥ 2 bars; Conviction ≥ 0.15; Positive signal; At least 90 transitions; Positive 25-day signal; SMA50 > SMA200
